id_desa,nama_desa,id_kecamatan,id_kabupaten
1,ABUNG JAYO,88,5
2,ADI JAYA,56,3
3,ADI JAYA,198,13
4,ADI KARYA MULYA,110,6
5,ADI LUHUR,110,6
6,ADI MULYO,110,6
7,ADI WARNO,62,4
8,ADIJAYA,76,4
9,ADILUHUR,67,4
10,ADILUWIH,137,9
11,ADIPURO,58,3
12,ADIREJO,67,4
13,ADIREJO,76,4
14,AGOM,19,2
15,AGUNG BATIN,112,6
16,AGUNG DALAM,168,11
17,AGUNG JAYA,168,11
18,AGUNG JAYA,189,12
19,AGUNG TIMUR,42,3
20,AIR ABANG,164,10
21,AIR BAKOMAN,160,10
22,AIR KUBANG,146,10
23,AIR NANINGAN,146,10
24,AIR RINGKIH,202,13
25,AJI JAYA,112,6
26,AJI JAYA KNPI,170,11
27,AJI KAGUNGAN,86,5
28,AJI MESIR,170,11
29,AJI MURNI JAYA,170,11
30,AJI PERMAI TALANG BUAH,170,11
31,ALAM JAYA,99,5
32,AMBARAWA,138,9
33,AMBARAWA BARAT,138,9
34,AMBARAWA TIMUR,138,9
35,ANDALAS CERMIN,180,11
36,ARGOMULYO,5,1
37,ARGOMULYO,162,10
38,ARGOMULYO,191,13
39,ARGOPENI,162,10
40,ASAHAN,67,4
41,ASAHAN WAY SINDI,127,8
42,ASTO MULYO,46,3
43,ASTRA KSETRA,173,11
44,ATAR BAWANG,5,1
45,ATAR BRAK,157,10
46,ATAR KUAW,5,1
47,ATAR LEBAR,147,10
48,BABAKAN,159,10
49,BABAKAN LOA,116,7
50,BABATAN,20,2
51,BABULANG,19,2
52,BADAK,157,10
53,BADRAN SARI,46,3
54,BAGELEN,115,7
55,BAHWAY,2,1
56,BAKAUHENI,16,2
57,BAKHU,5,1
58,BAKTI NEGARA,192,13
59,BAKTI NEGARA,201,13
60,BAKTIRASA,28,2
61,BAKUNG,220,14
62,BAKUNG ILIR,172,11
63,BAKUNG RAHAYU,172,11
64,BAKUNG UDIK,172,11
65,BALAI KENCANA,128,8
66,BALAI KENCONO,62,4
67,BALAI MURNI JAYA,167,11
68,BALAI REJO,42,3
69,BALAM,134,8
70,BALAM ASRI,189,12
71,BALAM JAYA,189,12
72,BALE REJO,62,4
73,BALI AGUNG,24,2
74,BALI SADAR SELATAN,191,13
75,BALI SADAR TENGAH,191,13
76,BALI SADAR UTARA,191,13
77,BALINURAGA,31,2
78,BAMBANG,129,8
79,BANARJOYO,62,4
80,BANDAN HURIP,24,2
81,BANDAR ABUNG,90,5
82,BANDAR AGUNG,3,1
83,BANDAR AGUNG,28,2
84,BANDAR AGUNG,57,3
85,BANDAR AGUNG,61,4
86,BANDAR AGUNG,101,5
87,BANDAR AGUNG,191,13
88,BANDAR AJI JAYA,170,11
89,BANDAR BARU,12,1
90,BANDAR DALAM,27,2
91,BANDAR DALAM,126,8
92,BANDAR DALAM,135,8
93,BANDAR DALAM,199,13
94,BANDAR DEWA,186,12
95,BANDAR JAYA,131,8
96,BANDAR JAYA BARAT,56,3
97,BANDAR JAYA TIMUR,56,3
98,BANDAR KAGUNGAN RAYA,88,5
99,BANDAR KASIH,199,13
100,BANDAR KEJADIAN,165,10
101,BANDAR NEGERI,68,4
102,BANDAR PUGUNG,129,8
103,BANDAR PUTIH,99,5
104,BANDAR PUTIH TUA,33,3
105,BANDAR SAKTI,57,3
106,BANDAR SAKTI,90,5
107,BANDAR SARI,44,3
108,BANDAR SARI,204,13
109,BANDAR SUKABUMI,147,10
110,BANDAREJO,23,2
111,BANDING,26,2
112,BANDING,147,10
113,BANDING AGUNG,13,1
114,BANDING AGUNG,120,7
115,BANDING AGUNG,163,10
116,BANDUNG BARU,137,9
117,BANDUNG BARU BARAT,137,9
118,BANGUN JAYA,106,5
119,BANGUN JAYA,113,6
120,BANGUN JAYA,182,12
121,BANGUN MULYO,112,6
122,BANGUN NEGARA,132,8
123,BANGUN REJO,41,3
124,BANGUN REJO,120,7
125,BANGUN REJO,161,10
126,BANGUN REJO,175,11
127,BANGUN SARI,30,2
128,BANGUN SARI,38,3
129,BANGUN SARI,90,5
130,BANGUN SARI,118,7
131,BANGUNAN,24,2
132,BANGUNREJO,21,2
133,BANGUNREJO,37,3
134,BANJAR AGUNG,18,2
135,BANJAR AGUNG,80,4
136,BANJAR AGUNG,92,5
137,BANJAR AGUNG,136,8
138,BANJAR AGUNG,151,10
139,BANJAR AGUNG,157,10
140,BANJAR AGUNG,166,11
141,BANJAR AGUNG,192,13
142,BANJAR AGUNG ILIR,159,10
143,BANJAR AGUNG MATARAM,53,3
144,BANJAR AGUNG UDIK,159,10
145,BANJAR BARU,192,13
146,BANJAR DEWA,166,11
147,BANJAR KERTAHAYU,59,3
148,BANJAR KETAPANG,104,5
149,BANJAR MANIS,149,10
150,BANJAR MANIS,150,10
151,BANJAR MASIN,148,10
152,BANJAR MASIN,155,10
153,BANJAR MASIN,192,13
154,BANJAR MULYA,192,13
155,BANJAR NEGARA,165,10
156,BANJAR NEGARA,192,13
157,BANJAR NEGERI,101,5
158,BANJAR NEGERI,123,7
159,BANJAR NEGERI,149,10
160,BANJAR NEGERI,151,10
161,BANJAR RATU,59,3
162,BANJAR RATU,101,5
163,BANJAR RATU,196,13
164,BANJAR REJO,59,3
165,BANJAR SAKTI,196,13
166,BANJAR SARI,163,10
167,BANJAR SARI,165,10
168,BANJAR SARI,192,13
169,BANJAR SETIA,192,13
170,BANJAR SURI,27,2
171,BANJARAN,119,7
172,BANJAREJO,139,9
173,BANJARMASIN,25,2
174,BANJARNEGERI,23,2
175,BANJARREJO,62,4
176,BANJARSARI,32,2
177,BANJARSARI,229,15
178,BANJARWANGI,100,5
179,BANYU URIP,139,9
180,BANYU URIP,165,10
181,BANYUMAS,17,2
182,BANYUMAS,139,9
183,BANYUWANGI,139,9
184,BAROS,154,10
185,BARU RAHARJA,106,5
186,BARU RANJI,22,2
187,BASUNGAN,10,1
188,BATANG HARI,180,11
189,BATANG HARI OGAN,121,7
190,BATANGHARJO,62,4
191,BATU AGUNG,22,2
192,BATU AMPAR,171,11
193,BATU API,10,1
194,BATU BADAK,70,4
195,BATU BALAK,26,2
196,BATU BEDIL,160,10
197,BATU KEBAYAN,5,1
198,BATU KERAMAT,156,10
199,BATU MENYAN,122,7
200,BATU NANGKOP,105,5
201,BATU PATAH,153,10
202,BATU PUTUK,220,14
203,BATU RAJA,106,5
204,BATU RAJA,120,7
205,BATU RAJA,123,7
206,BATU RAJA,134,8
207,BATU TEGI,146,10
208,BATULIMAN INDAH,17,2
209,BAUH GUNUNG SARI,80,4
210,BAWANG,120,7
211,BAWANG SAKTI JAYA,167,11
212,BAWANG TIRTO MULYO,167,11
213,BAYAS JAYA,124,7
214,BEDAROU INDAH,174,11
215,BEDUDU,6,1
216,BELAMBANGAN,25,2
217,BELIMBING SARI,67,4
218,BELU,155,10
219,BENGKULU,196,13
220,BENGKULU JAYA,196,13
221,BENGKULU RAMAN,196,13
222,BENGKULU REJO,196,13
223,BENGKULU TENGAH,196,13
224,BENTENG JAYA,154,10
225,BENTENG SARI,67,4
226,BERASAN MAKMUR,113,6
227,BERINGIN,86,5
228,BERINGIN JAYA,36,3
229,BERINGIN JAYA,97,5
230,BERINGIN JAYA,202,13
231,BERINGIN JAYA,204,13
232,BERINGIN JAYA,209,14
233,BERINGIN KENCANA,17,2
234,BERINGIN RAYA,209,14
235,BERNUNG,115,7
236,BERUNDUNG,21,2
237,BETUNG,26,2
238,BETUNG,158,10
239,BIHA,132,8
240,BILABONG JAYA,211,14
241,BIMA SAKTI,200,13
242,BINA BUMI,175,11
243,BINA KARYA BARU,47,3
244,BINA KARYA BUANA,48,3
245,BINA KARYA JAYA,47,3
246,BINA KARYA MANDIRI,48,3
247,BINA KARYA PUTRA,48,3
248,BINA KARYA SAKTI,47,3
249,BINA KARYA UTAMA,47,3
250,BINDU,86,5
251,BINJAI AGUNG,38,3
252,BINJAI WANGI,159,10
253,BLAMBANGAN,94,5
254,BLAMBANGAN UMPU,193,13
255,BLITAREJO,140,9
256,BOGATAMA,177,11
257,BOGOREJO,115,7
258,BOJONG,80,4
259,BOJONG BARAT,98,5
260,BONGLAI,191,13
261,BONGLAI TENGAH,97,5
262,BRABASAN,113,6
263,BRAJA ASRI,84,4
264,BRAJA CAKA,84,4
265,BRAJA DEWA,84,4
266,BRAJA EMAS,84,4
267,BRAJA FAJAR,84,4
268,BRAJA GEMILANG,64,4
269,BRAJA HARJOSARI,64,4
270,BRAJA INDAH,64,4
271,BRAJA KENCANA,64,4
272,BRAJA LUHUR,64,4
273,BRAJA MULYA,64,4
274,BRAJA SAKTI,84,4
275,BRAJA YEKTI,64,4
276,BRANTI RAYA,23,2
277,BRATASENA ADIWARNA,169,11
278,BRATASENA MANDIRI,169,11
279,BRATAYUDHA,203,13
280,BRAWIJAYA,80,4
281,BUAH BERAK,19,2
282,BUANA SAKTI,62,4
283,BUAY NYERUPA,12,1
284,BUDI AJI,112,6
285,BUDI LESTARI,29,2
286,BUDIDAYA,27,2
287,BUJUK AGUNG,168,11
288,BUJUNG BURING,113,6
289,BUJUNG BURING BARU,113,6
290,BUJUNG DEWA,185,12
291,BUJUNG SARI MARGA,185,12
292,BUJUNG TENUK,173,11
293,BUKIT GEMURUH,204,13
294,BUKIT HARAPAN,204,13
295,BUKIT KEMUNING,95,5
296,BUKIT RAYA,70,4
297,BUKITBATU,197,13
298,BUKO POSO,114,6
299,BULOK,19,2
300,BULU SARI,40,3
301,BULUKARTO,140,9
302,BULUREJO,140,9
303,BUMI AGUNG,6,1
304,BUMI AGUNG,19,2
305,BUMI AGUNG,121,7
306,BUMI AGUNG,190,13
307,BUMI AGUNG,195,13
308,BUMI AGUNG MARGA,92,5
309,BUMI AGUNG WATES,190,13
310,BUMI AJI,34,3
311,BUMI ASIH,24,2
312,BUMI ASRI,24,2
313,BUMI AYU,81,4
314,BUMI BARU,193,13
315,BUMI DANA,204,13
316,BUMI DAYA,24,2
317,BUMI DIPASENA ABADI,179,11
318,BUMI DIPASENA AGUNG,179,11
319,BUMI DIPASENA JAYA,179,11
320,BUMI DIPASENA MAKMUR,179,11
321,BUMI DIPASENA MULYA,179,11
322,BUMI DIPASENA SJAHTERA,179,11
323,BUMI DIPASENA UTAMA,179,11
324,BUMI HANTATAI,3,1
325,BUMI HARAPAN,114,6
326,BUMI JAWA,63,4
327,BUMI JAYA,12,1
328,BUMI JAYA,17,2
329,BUMI JAYA,34,3
330,BUMI JAYA,92,5
331,BUMI JAYA,198,13
332,BUMI KEDAMAIAN,207,14
333,BUMI KENCANA,51,3
334,BUMI MANDIRI,85,5
335,BUMI MAS,51,3
336,BUMI MAS,62,4
337,BUMI MERAPI,192,13
338,BUMI MULYA,201,13
339,BUMI MULYO,80,4
340,BUMI NABUNG,85,5
341,BUMI NABUNG BARU,39,3
342,BUMI NABUNG ILIR,39,3
343,BUMI NABUNG SELATAN,39,3
344,BUMI NABUNG TIMUR,39,3
345,BUMI NABUNG UDIK,81,4
346,BUMI NABUNG UTARA,39,3
347,BUMI RAHARJA,90,5
348,BUMI RAHARJO,40,3
349,BUMI RAHAYU,40,3
350,BUMI RATU,40,3
351,BUMI RATU,104,5
352,BUMI RATU,130,8
353,BUMI RATU,178,11
354,BUMI RATU,203,13
355,BUMI RAYA,88,5
356,BUMI RAYA,205,14
357,BUMI REJO,192,13
358,BUMI RESTU,24,2
359,BUMI RESTU,90,5
360,BUMI SARI,180,11
361,BUMI SAY AGUNG,195,13
362,BUMI SENTOSA,179,11
363,BUMI SETIA MATARAM,53,3
364,BUMI TINGGI,65,4
365,BUMI WARAS,136,8
366,BUMI WARAS,205,14
367,BUMIARUM,144,9
368,BUMIAYU,144,9
369,BUMIHARJO,62,4
370,BUMIHARJO,194,13
371,BUMIRATU,141,9
372,BUMIREJO,141,9
373,BUMISARI,23,2
374,BUNGKUK,70,4
375,BUNUT,125,7
376,BUNUT SEBRANG,125,7
377,BURING KENCANA,94,5
378,BUYUT BARU,54,3
379,BUYUT ILIR,41,3
380,BUYUT UDIK,41,3
381,BUYUT UTARA,41,3
382,CABANG,36,3
383,CABANG ABUNG RAYA,88,5
384,CABANG EMPAT,88,5
385,CAHAYA MAKMUR,103,5
386,CAHAYA MAS,102,5
387,CAHAYA NEGERI,85,5
388,CAHAYA NEGERI,129,8
389,CAHYOU RANDU,185,12
390,CAMPANG,5,1
391,CAMPANG,150,10
392,CAMPANG DELAPAN,191,13
393,CAMPANG GIJUL,87,5
394,CAMPANG JAYA,214,14
395,CAMPANG RAYA,214,14
396,CAMPANG TIGA,27,2
397,CAMPANG TIGA,154,10
398,CAMPANG WAY HANDAK,159,10
399,CAMPUR ASRI,192,13
400,CANDI REJO,59,3
401,CANDIMAS,23,2
402,CANDIMAS,88,5
403,CANDIRETNO,141,9
404,CANDRA JAYA,186,12
405,CANDRA KENCANA,186,12
406,CANDRA MUKTI,186,12
407,CANGGU,4,1
408,CANGGU,19,2
409,CANGGUNG,26,2
410,CANTI,26,2
411,CATUR KARYA BUANA JAYA,168,11
412,CATUR SWAKO,65,4
413,CEMPAKA,103,5
414,CEMPAKA BARAT,103,5
415,CEMPAKA DALEM,174,11
416,CEMPAKA JAYA,174,11
417,CEMPAKA NUBAN,63,4
418,CEMPAKA PUTIH,36,3
419,CEMPAKA TIMUR,103,5
420,CEMPEDAK,98,5
421,CERINGIN ASRI,125,7
422,CIAMIS,106,5
423,CIHERANG,151,10
424,CILIMUS,122,7
425,CIMANUK,123,7
426,CIMARIAS,37,3
427,CINTA MULYA,17,2
428,CIPADANG,115,7
429,CIPTA MULYA,8,1
430,CIPTA WARAS,7,1
431,COMOK SINAR JAYA,102,5
432,CUGAH,192,13
433,CUGUNG,26,2
434,CURUP GURUH KAGUNGAN,99,5
435,CURUP PATAH,196,13
436,DADAPAN,162,10
437,DADIMULYO,165,10
438,DADIREJO,165,10
439,DADISARI,165,10
440,DARUSSALAM,151,10
441,DATAR BANCONG,197,13
442,DATAR LEBUAY,146,10
443,DATARAJAN,164,10
444,DAYA ASRI,188,12
445,DAYA MURNI,188,12
446,DAYA SAKTI,188,12
447,DENTE MAKMUR,169,11
448,DEPOK REJO,58,3
449,DEWA AGUNG,190,13
450,DHARMA AGUNG MATARAM,53,3
451,DONO ARUM,51,3
452,DONO MULYO,191,13
453,DONOMULYO,65,4
454,DURIAN,119,7
455,DURIAN PAYUNG,218,14
456,DUTO YOSO MULYO,180,11
457,DWI KARYA MUSTIKA,109,6
458,DWI WARGA TUNGGAL JAYA,166,11
459,DWIKORA,95,5
460,DWIKORA JAYA,182,12
461,DWIMULYO,177,11
462,EKA MULYA,109,6
463,ENDANG REJO,51,3
464,ENGGAL,206,14
465,ENGGALREJO,137,9
466,FAJAR AGUNG,144,9
467,FAJAR AGUNG BARAT,144,9
468,FAJAR ASRI,51,3
469,FAJAR ASRI,110,6
470,FAJAR BARU,18,2
471,FAJAR BARU,110,6
472,FAJAR BARU,142,9
473,FAJAR BULAN,41,3
474,FAJAR INDAH,110,6
475,FAJAR MATARAM,53,3
476,FAJAR MULIA,142,9
477,FAJARESUK,144,9
478,GADING,159,10
479,GADING REJO TIMUR,140,9
480,GADING REJO UTARA,140,9
481,GADINGREJO,140,9
482,GALIH LUNIK,29,2
483,GANDRI,25,2
484,GANJAR AGUNG,225,15
485,GANJAR ASRI,225,15
486,GANJARAN,141,9
487,GANTI WARNO,76,4
488,GANTIMULYO,76,4
489,GARUNTANG,205,14
490,GARUT,161,10
491,GAYA BARU I,55,3
492,GAYA BARU II,55,3
493,GAYA BARU III,55,3
494,GAYA BARU IV,55,3
495,GAYA BARU V,36,3
496,GAYA BARU VI,55,3
497,GAYA BARU VII,55,3
498,GAYA BARU VIII,55,3
499,GAYAM,25,2
500,GAYAU,119,7
501,GAYAU SAKTI,51,3
502,GEBANG,122,7
503,GEDAU,134,8
504,GEDONG AIR,217,14
505,GEDONG MENENG,213,14
506,GEDONG MENENG BARU,213,14
507,GEDONG PAKUAN,221,14
508,GEDONG TATAAN,115,7
509,GEDUNG,149,10
510,GEDUNG AGUNG,18,2
511,GEDUNG AGUNG,160,10
512,GEDUNG AJI,49,3
513,GEDUNG AJI,170,11
514,GEDUNG ASRI,176,11
515,GEDUNG BANDAR RAHAYU,172,11
516,GEDUNG BANDAR REJO,172,11
517,GEDUNG BATIN,106,5
518,GEDUNG BATIN,203,13
519,GEDUNG BOGA,114,6
520,GEDUNG CAHYA KUNINGAN,130,8
521,GEDUNG DALEM,63,4
522,GEDUNG DALOM,123,7
523,GEDUNG GUMANTI,121,7
524,GEDUNG HARAPAN,18,2
525,GEDUNG HARAPAN,176,11
526,GEDUNG HARAPAN,199,13
527,GEDUNG HARTA,25,2
528,GEDUNG HARTA,49,3
529,GEDUNG JAMBU,155,10
530,GEDUNG JAYA,180,11
531,GEDUNG JAYA,198,13
532,GEDUNG JAYA,199,13
533,GEDUNG KARYA JITU,178,11
534,GEDUNG KETAPANG,104,5
535,GEDUNG MAKRIFAT,97,5
536,GEDUNG MENENG,172,11
537,GEDUNG MENENG BARU,172,11
538,GEDUNG MENONG,199,13
539,GEDUNG MULYA,113,6
540,GEDUNG NEGARA,97,5
541,GEDUNG NYAPAH,92,5
542,GEDUNG PAKUON,192,13
543,GEDUNG RAJA,97,5
544,GEDUNG RAM,113,6
545,GEDUNG RATU,33,3
546,GEDUNG RATU,187,12
547,GEDUNG REJO,192,13
548,GEDUNG REJO SAKTI,176,11
549,GEDUNG RIANG,203,13
550,GEDUNG SARI,33,3
551,GEDUNG SURIAN,7,1
552,GEDUNG WANI,71,4
553,GEDUNGWANI TIMUR,71,4
554,GELOMBANG PANJANG,197,13
555,GEMAHRIPAH,141,9
556,GERNING,121,7
557,GIHAM SUKAMAJU,11,1
558,GILANG TUNGGAL MAKARTA,184,12
559,GILIH KARANGJATI,49,3
560,GILIH SUKA NEGERI,88,5
561,GIRI MULYO,70,4
562,GIRI TUNGGAL,142,9
563,GIRIHARJO,190,13
564,GIRIKARTO,79,4
565,GIRIKLOPOMULYO,79,4
566,GISTANG,203,13
567,GISTING ATAS,150,10
568,GISTING BAWAH,150,10
569,GISTING JAYA,198,13
570,GISTING PERMAI,150,10
571,GONDANGREJO,76,4
572,GORAS JAYA,38,3
573,GOTONG ROYONG,218,14
574,GULAK GALIK,223,14
575,GUMUKMAS,141,9
576,GUMUKREJO,141,9
577,GUNUNG AGUNG,34,3
578,GUNUNG AGUNG,57,3
579,GUNUNG AGUNG,80,4
580,GUNUNG AGUNG,183,12
581,GUNUNG AGUNG,211,14
582,GUNUNG BARU,196,13
583,GUNUNG BATIN BARU,57,3
584,GUNUNG BATIN ILIR,57,3
585,GUNUNG BATIN UDIK,57,3
586,GUNUNG BESAR,91,5
587,GUNUNG BETUAH,85,5
588,GUNUNG CAHYA,201,13
589,GUNUNG DOH,147,10
590,GUNUNG GIJUL,91,5
591,GUNUNG HAJI,45,3
592,GUNUNG KASIH,159,10
593,GUNUNG KATON,107,5
594,GUNUNG KATUN,192,13
595,GUNUNG KATUN MALAI,187,12
596,GUNUNG KATUN TANJUNGAN,187,12
597,GUNUNG KEMALA,136,8
598,GUNUNG KEMALA TIMUR,136,8
599,GUNUNG KERAMAT,89,5
600,GUNUNG LABUHAN,104,5
601,GUNUNG LABUHAN,196,13
602,GUNUNG MAKNIBAI,102,5
603,GUNUNG MAS,70,4
604,GUNUNG MAS,221,14
605,GUNUNG MEGANG,160,10
606,GUNUNG MEKAR,67,4
607,GUNUNG MENANTI,188,12
608,GUNUNG MERAKSA,160,10
609,GUNUNG MULYO,80,4
610,GUNUNG PASIR JAYA,80,4
611,GUNUNG RAJA,102,5
612,GUNUNG RATU,3,1
613,GUNUNG RAYA,45,3
614,GUNUNG RAYA,70,4
615,GUNUNG RAYA,142,9
616,GUNUNG REJO,123,7
617,GUNUNG SADAR,91,5
618,GUNUNG SANGKARAN,193,13
619,GUNUNG SARI,41,3
620,GUNUNG SARI,89,5
621,GUNUNG SARI,124,7
622,GUNUNG SARI,164,10
623,GUNUNG SARI,184,12
624,GUNUNG SARI,196,13
625,GUNUNG SARI,202,13
626,GUNUNG SARI,206,14
627,GUNUNG SUGIH,4,1
628,GUNUNG SUGIH,41,3
629,GUNUNG SUGIH,116,7
630,GUNUNG SUGIH BARU,121,7
631,GUNUNG SUGIH BESAR,80,4
632,GUNUNG SUGIH KECIL,67,4
633,GUNUNG SUGIH RAYA,41,3
634,GUNUNG SULAH,224,14
635,GUNUNG TAPA,172,11
636,GUNUNG TAPA ILIR,172,11
637,GUNUNG TAPA TENGAH,172,11
638,GUNUNG TAPA UDIK,172,11
639,GUNUNG TERANG,1,1
640,GUNUNG TERANG,19,2
641,GUNUNG TERANG,148,10
642,GUNUNG TERANG,183,12
643,GUNUNG TERANG,211,14
644,GUNUNG TIGA,63,4
645,GUNUNG TIGA,159,10
646,GUNUNG TIGA,164,10
647,GUNUNG TIMBUL,188,12
648,GUNUNG WARAS,201,13
649,GUNUNGPEKUWON,196,13
650,GUNUNGREJO,125,7
651,GUNUNGSUGIH,2,1
652,GURING,158,10
653,HADI MULYO,114,6
654,HADIMULYO BARAT,226,15
655,HADIMULYO TIMUR,226,15
656,HADUYANG,23,2
657,HADUYANG RATU,44,3
658,HADUYANG RATU,96,5
659,HAJI PEMANGGILAN,34,3
660,HAJIMENA,23,2
661,HALANGAN RATU,118,7
662,HANAKAU,12,1
663,HANAKAU JAYA,106,5
664,HANAU BERAK,119,7
665,HANURA,122,7
666,HARA BANJAR MANIS,19,2
667,HARAPAN JAYA,112,6
668,HARAPAN JAYA,116,7
669,HARAPAN JAYA,125,7
670,HARAPAN MUKTI,113,6
671,HARAPAN REJO,51,3
672,HARGO MULYO,178,11
673,HARGO PANCURAN,26,2
674,HARGO REJO,178,11
675,HARGOMULYO,79,4
676,HATTA,16,2
677,HENI ARONG,9,1
678,HUJAN MAS,85,5
679,HUJUNG,6,1
680,HURUN,122,7
681,IBUL JAYA,97,5
682,IMOPURO,226,15
683,INDRA PUTRA SUBING,56,3
684,INDRALOKA I,189,12
685,INDRALOKA II,189,12
686,INDRALOKA JAYA,189,12
687,INDRALOKA MUKTI,189,12
688,IRINGMULYO,228,15
689,ISO REJO,96,5
690,ITIK RENDAY,73,4
691,JABUNG,67,4
692,JADIMULYO,79,4
693,JAGA RAGA,12,1
694,JAGABAYA I,224,14
695,JAGABAYA II,224,14
696,JAGABAYA III,224,14
697,JAGANG,94,5
698,JATI BARU,29,2
699,JATI DATAR MATARAM,35,3
700,JATI INDAH,29,2
701,JATI MULYO,18,2
702,JATIAGUNG,138,9
703,JAYA ASRI,74,4
704,JAYA GUNA,71,4
705,JAYA MAKMUR,167,11
706,JAYA MURNI,182,12
707,JAYA SAKTI,34,3
708,JAYA SAKTI,112,6
709,JAYA TINGGI,197,13
710,JEMBRANA,83,4
711,JEPARA,84,4
712,JERANGKANG,99,5
713,JOHARAN,47,3
714,JOJOG,76,4
715,JONDONG,19,2
716,JUKU BATU,191,13
717,JUKU KEMUNING,197,13
718,KACAMARGA,149,10
719,KACAPURA,161,10
720,KAGUNGAN,156,10
721,KAGUNGAN DALAM,113,6
722,KAGUNGAN JAYA,183,12
723,KAGUNGAN RAHAYU,173,11
724,KAGUNGAN RATU,118,7
725,KAGUNGAN RATU,187,12
726,KAHURIPAN DALAM,174,11
727,KAHURIPAN JAYA,167,11
728,KALI ASIN,29,2
729,KALI DADI,42,3
730,KALI PAPAN,199,13
731,KALI PASIR,82,4
732,KALI SARI,23,2
733,KALIANDA,19,2
734,KALIAWI,200,13
735,KALIAWI,218,14
736,KALIAWI INDAH,200,13
737,KALIAWI PERSADA,218,14
738,KALIBALANGAN,88,5
739,KALIBALAU KENCANA,207,14
740,KALIBENING,76,4
741,KALIBENING,163,10
742,KALIBENING RAYA,88,5
743,KALICINTA,100,5
744,KALIMIRING,155,10
745,KALIREJO,24,2
746,KALIREJO,42,3
747,KALIREJO,118,7
748,KALIREJO,165,10
749,KALISARI,42,3
750,KALISARI,165,10
751,KALIWUNGU,42,3
752,KAMPLAS,85,5
753,KAMPUNG BARU,25,2
754,KAMPUNG BARU,117,7
755,KAMPUNG BARU,156,10
756,KAMPUNG BARU,158,10
757,KAMPUNG BARU,197,13
758,KAMPUNG BARU,210,14
759,KAMPUNG BARU RAYA,210,14
760,KAMPUNG JAWA,133,8
761,KANDANG BESI,155,10
762,KANGKUNG,205,14
763,KANOMAN,161,10
764,KANYANGAN,155,10
765,KARANG AGUNG,15,1
766,KARANG AGUNG,99,5
767,KARANG AGUNG,161,10
768,KARANG AGUNG,201,13
769,KARANG ANOM,83,4
770,KARANG ANYAR,18,2
771,KARANG ANYAR,49,3
772,KARANG ANYAR,68,4
773,KARANG ANYAR,165,10
774,KARANG BRAK,158,10
775,KARANG BUAH,149,10
776,KARANG ENDAH,56,3
777,KARANG JAWA,33,3
778,KARANG JAYA,22,2
779,KARANG JAYA 1,22,2
780,KARANG LANTANG,197,13
781,KARANG MARITIM,212,14
782,KARANG MULYA,114,6
783,KARANG MULYO,101,5
784,KARANG PUCUNG,32,2
785,KARANG REJO,18,2
786,KARANG REJO,161,10
787,KARANG REJO,164,10
788,KARANG REJO I,104,5
789,KARANG REJO II,101,5
790,KARANG SAKTI,101,5
791,KARANG SARI,18,2
792,KARANG SARI,21,2
793,KARANG SARI,44,3
794,KARANG SARI,101,5
795,KARANG SARI,146,10
796,KARANG TANJUNG,44,3
797,KARANG UMPU,193,13
798,KARANG WARINGIN,107,5
799,KARANGAN,195,13
800,KARANGANYAR,115,7
801,KARANGREJO,118,7
802,KARANGREJO,229,15
803,KARANGSARI,141,9
804,KARTA,156,10
805,KARTA,187,12
806,KARTA JAYA,198,13
807,KARTA RAHARJA,187,12
808,KARTASARI,187,12
809,KARYA AGUNG,199,13
810,KARYA BASUKI,83,4
811,KARYA BHAKTI,175,11
812,KARYA CIPTA ABADI,178,11
813,KARYA JAYA,204,13
814,KARYA JITU MUKTI,178,11
815,KARYA MAJU,202,13
816,KARYA MAKMUR,68,4
817,KARYA MAKMUR,176,11
818,KARYA MULYA SARI,17,2
819,KARYA MURNI JAYA,167,11
820,KARYA SAKTI,90,5
821,KARYA TANI,68,4
822,KARYA TUNGGAL,20,2
823,KARYAMUKTI,79,4
824,KASUI LAMA,197,13
825,KASUI PASAR,197,13
826,KAUR GADING,158,10
827,KAYU BATU,196,13
828,KAYUHUBI,159,10
829,KEAGUNGAN,9,1
830,KEBAGUSAN,115,7
831,KEBON DAMAR,72,4
832,KEBON JERUK,219,14
833,KEBUAYAN,127,8
834,KEBUMEN,162,10
835,KEBUN DALAM,93,5
836,KEBUN DALEM,114,6
837,KECAPI,19,2
838,KECUBUNG JAYA,170,11
839,KECUBUNG MULYA,170,11
840,KECUBUNG RAYA,175,11
841,KEDALOMAN,151,10
842,KEDAMAIAN,154,10
843,KEDAMAIAN,207,14
844,KEDATON,19,2
845,KEDATON,63,4
846,KEDATON,91,5
847,KEDATON,197,13
848,KEDATON,208,14
849,KEDATON I,63,4
850,KEDATON II,63,4
851,KEDATUAN,38,3
852,KEDAUNG,28,2
853,KEDAUNG,143,9
854,KEDAUNG,209,14
855,KEDIRI,140,9
856,KEDONDONG,116,7
857,KEDUNG RINGIN,75,4
858,KEGERINGAN,4,1
859,KEJADIAN,6,1
860,KEJADIAN,114,6
861,KEJADIAN,121,7
862,KEJADIAN,165,10
863,KEJADIAN LOM,149,10
864,KEJAYAAN,163,10
865,KEKATANG,117,7
866,KEKATUNG,169,11
867,KEKILING,25,2
868,KELAPA TIGA,218,14
869,KELAPA TIGA PERMAI,217,14
870,KELAPA TUJUH,99,5
871,KELATEN,25,2
872,KELAU,25,2
873,KELAWI,16,2
874,KELUNGU,154,10
875,KEMALA RAJA,107,5
876,KEMALO ABUNG,88,5
877,KEMBAHANG,4,1
878,KEMBANG GADING,88,5
879,KEMBANG TANJUNG,88,5
880,KEMILIN,142,9
881,KEMILING PERMAI,209,14
882,KEMILING RAYA,209,14
883,KEMU,191,13
884,KEMUKUS,21,2
885,KEMUNING,160,10
886,KENALI,6,1
887,KENANGA SARI,55,3
888,KEPUTRAN,145,9
889,KERANG,4,1
890,KERBANG DALAM,134,8
891,KERBANG LANGGAR,134,8
892,KERINJING,26,2
893,KERTASANA,116,7
894,KERTOSARI,30,2
895,KESUGIHAN,19,2
896,KESUGIHAN,155,10
897,KESUMA JAYA,38,3
898,KESUMADADI,38,3
899,KETAPANG,21,2
900,KETAPANG,104,5
901,KETAPANG,157,10
902,KETAPANG,212,14
903,KETAPANG KUALA,212,14
904,KETEGUHAN,222,14
905,KHEPONG JAYA,119,7
906,KIBANG,74,4
907,KIBANG BUDI JAYA,184,12
908,KIBANG MULYA JAYA,184,12
909,KIBANG PACING,174,11
910,KIBANG TRI JAYA,184,12
911,KIBANG YEKTI JAYA,184,12
912,KILING-KILING,200,13
913,KILUAN NEGERI,152,10
914,KINCIRAN,91,5
915,KISTANG,85,5
916,KLATEN,140,9
917,KOMERING AGUNG,41,3
918,KOMERING PUTIH,41,3
919,KORPRI JAYA,215,14
920,KORPRI RAYA,215,14
921,KOTA AGUNG,104,5
922,KOTA AGUNG,121,7
923,KOTA AGUNG,154,10
924,KOTA ALAM,99,5
925,KOTA BARU,44,3
926,KOTA BARU,199,13
927,KOTA BARU,219,14
928,KOTA BATU,45,3
929,KOTA BATU,131,8
930,KOTA BATU,154,10
931,KOTA BESI,4,1
932,KOTA DALAM,27,2
933,KOTA GAJAH,43,3
934,KOTA GAJAH TIMUR,43,3
935,KOTA GAPURA,98,5
936,KOTA GURING,26,2
937,KOTA JAWA,120,7
938,KOTA JAWA,124,7
939,KOTA JAWA,126,8
940,KOTA JAWA,198,13
941,KOTA KARANG,134,8
942,KOTA KARANG,222,14
943,KOTA KARANG RAYA,222,14
944,KOTA NAPAL,96,5
945,KOTA NEGARA,106,5
946,KOTA NEGARA ILIR,106,5
947,KOTA RAMAN,78,4
948,KOTA SEPANG,210,14
949,KOTA WAY,197,13
950,KOTABUMI ILIR,98,5
951,KOTABUMI PASAR,98,5
952,KOTABUMI TENGAH,98,5
953,KOTABUMI TENGAH BARAT,98,5
954,KOTABUMI UDIK,98,5
955,KOTABUMI WAY KANAN,199,13
956,KRAWANGSARI,23,2
957,KRESNO WIDODO,121,7
958,KRESNOMULYO,138,9
959,KRESNOMULYO BARAT,138,9
960,KUALA SEKAMPUNG,28,2
961,KUALA TELADAS,169,11
962,KUBU BATU,124,7
963,KUBU HITU,102,5
964,KUBULANGKA,149,10
965,KUBULIKU JAYA,5,1
966,KUBUPERAHU,2,1
967,KUNJIR,26,2
968,KUNYAIAN,117,7
969,KUNYAYAN,165,10
970,KUPANG KOTA,223,14
971,KUPANG RAYA,223,14
972,KUPANG TEBA,223,14
973,KURIPAN,25,2
974,KURIPAN,44,3
975,KURIPAN,134,8
976,KURIPAN,154,10
977,KURIPAN,157,10
978,KURIPAN,220,14
979,KURUNGAN NYAWA,115,7
980,KUSA,154,10
981,KUTA DALOM,123,7
982,KUTA DALOM,150,10
983,KUTAKAKHANG,149,10
984,KUTAWARINGIN,137,9
985,KUTOARJO,115,7
986,KUTOWINANGUN,50,3
987,LAAY,127,8
988,LABUHAN,135,8
989,LABUHAN BARU,114,6
990,LABUHAN BATIN,114,6
991,LABUHAN DALAM,216,14
992,LABUHAN JAYA,196,13
993,LABUHAN MAKMUR,114,6
994,LABUHAN MANDI,136,8
995,LABUHAN MARINGGAI,68,4
996,LABUHAN MULYA,114,6
997,LABUHAN PERMAI,114,6
998,LABUHAN RATU,69,4
999,LABUHAN RATU,75,4
1000,LABUHAN RATU,210,14
1001,LABUHAN RATU BARU,84,4
1002,LABUHAN RATU DANAU,84,4
1003,LABUHAN RATU I,84,4
1004,LABUHAN RATU II,84,4
1005,LABUHAN RATU III,69,4
1006,LABUHAN RATU IV,69,4
1007,LABUHAN RATU IX,69,4
1008,LABUHAN RATU KAMPUNG,104,5
1009,LABUHAN RATU PASAR,104,5
1010,LABUHAN RATU RAYA,210,14
1011,LABUHAN RATU V,69,4
1012,LABUHAN RATU VI,69,4
1013,LABUHAN RATU VII,69,4
1014,LABUHAN RATU VIII,69,4
1015,LAKARAN,165,10
1016,LANDBAW,150,10
1017,LANGKAPURA,211,14
1018,LANGKAPURA BARU,211,14
1019,LEBAK PENIANGAN,202,13
1020,LEBUH DALAM,174,11
1021,LEBUNG LAWE,194,13
1022,LEBUNG NALA,21,2
1023,LEBUNG SARI,22,2
1024,LEGUNDI,21,2
1025,LEHAN,65,4
1026,LEMAN BENAWI,58,3
1027,LEMATANG,29,2
1028,LEMBASUNG,193,13
1029,LEMONG,129,8
1030,LEMPUYANG BANDAR,59,3
1031,LENGKUKAI,153,10
1032,LEPANG BESAR,85,5
1033,LEPANG TENGAH,103,5
1034,LESUNG BHAKTI JAYA,184,12
1035,LINGAI,174,11
1036,LINGGAPURA,49,3
1037,LINTIK,128,8
1038,LOMBOK,9,1
1039,LOMBOK SELATAN,9,1
1040,LOMBOK TIMUR,9,1
1041,LUAS,5,1
1042,LUBUK RUKAM,97,5
1043,LUGUSARI,141,9
1044,LUMBIREJO,118,7
1045,MADA JAYA,124,7
1046,MADANG JAYA,202,13
1047,MADARAYA,142,9
1048,MADUKORO,100,5
1049,MADUKORO BARU,100,5
1050,MAHABANG,169,11
1051,MAJA,19,2
1052,MAJA,117,7
1053,MAJA,155,10
1054,MAKARTI,188,12
1055,MAKARTITAMA,171,11
1056,MALANGSARI,30,2
1057,MALAYA,129,8
1058,MANDAH,23,2
1059,MANDALA SARI,28,2
1060,MANDALA SARI,72,4
1061,MANDIRI SEJATI,128,8
1062,MANGARAI,1,1
1063,MARANG,132,8
1064,MARGA AGUNG,18,2
1065,MARGA BATIN,83,4
1066,MARGA JASA,28,2
1067,MARGA JAYA,10,1
1068,MARGA JAYA,49,3
1069,MARGA JAYA,74,4
1070,MARGA JAYA,175,11
1071,MARGA JAYA,182,12
1072,MARGA JAYA,198,13
1073,MARGA JAYA INDAH,185,12
1074,MARGA KAYA,18,2
1075,MARGA KENCANA,187,12
1076,MARGA MULYA,65,4
1077,MARGA MULYA,153,10
1078,MARGACATUR,19,2
1079,MARGAKAYA,144,9
1080,MARGASARI,28,2
1081,MARGASARI,68,4
1082,MARGASARI,74,4
1083,MARGO BHAKTI,114,6
1084,MARGO DADI,181,12
1085,MARGO DADI,188,12
1086,MARGO JADI,109,6
1087,MARGO JAYA,109,6
1088,MARGO LESTARI,18,2
1089,MARGO MAKMUR,112,6
1090,MARGO MULYA,181,12
1091,MARGO MULYO,18,2
1092,MARGO MULYO,109,6
1093,MARGO MULYO,188,12
1094,MARGO RAHAYU,112,6
1095,MARGO SARI,181,12
1096,MARGODADI,18,2
1097,MARGODADI,123,7
1098,MARGODADI,138,9
1099,MARGODADI,162,10
1100,MARGODADI,227,15
1101,MARGOMULYO,121,7
1102,MARGOMULYO,146,10
1103,MARGOMULYO,161,10
1104,MARGOREJO,18,2
1105,MARGOREJO,44,3
1106,MARGOREJO,100,5
1107,MARGOREJO,121,7
1108,MARGOREJO,227,15
1109,MARGOSARI,142,9
1110,MARGOTOTO,74,4
1111,MARGOYOSO,162,10
1112,MARINGGAI,68,4
1113,MARTANDA,158,10
1114,MATARAM,140,9
1115,MATARAM BARU,72,4
1116,MATARAM ILIR,55,3
1117,MATARAM JAYA,35,3
1118,MATARAM MARGA,81,4
1119,MATARAM UDIK,35,3
1120,MEDASARI,178,11
1121,MEKAR ASRI,171,11
1122,MEKAR ASRI,192,13
1123,MEKAR HARJO,49,3
1124,MEKAR INDAH JAYA,167,11
1125,MEKAR JAYA,22,2
1126,MEKAR JAYA,37,3
1127,MEKAR JAYA,47,3
1128,MEKAR JAYA,61,4
1129,MEKAR JAYA,107,5
1130,MEKAR JAYA,113,6
1131,MEKAR JAYA,167,11
1132,MEKAR JAYA,168,11
1133,MEKAR JAYA,182,12
1134,MEKAR JAYA,190,13
1135,MEKAR KARYA,83,4
1136,MEKAR MULYA,24,2
1137,MEKAR MULYO,79,4
1138,MEKAR SARI,10,1
1139,MEKAR SARI,32,2
1140,MEKAR SARI,75,4
1141,MEKAR SARI,79,4
1142,MEKAR SARI,105,5
1143,MEKAR SARI,113,6
1144,MEKAR SARI JAYA,184,12
1145,MEKARJAYA,7,1
1146,MEKARJAYA,67,4
1147,MEKARMUKTI,79,4
1148,MELUNGUN RATU,105,5
1149,MENANGA JAYA,191,13
1150,MENANGA SIAMANG,191,13
1151,MENGANDUNG SARI,80,4
1152,MENGGALA,156,10
1153,MENGGALA,174,11
1154,MENGGALA KOTA,173,11
1155,MENGGALA MAS,186,12
1156,MENGGALA SELATAN,173,11
1157,MENGGALA TENGAH,173,11
1158,MENYANCANG,127,8
1159,MERAK BATIN,23,2
1160,MERAK BELATUNG,19,2
1161,MERAMBUNG,107,5
1162,MERBAU,153,10
1163,MERBAU MATARAM,22,2
1164,MERCU BUANA,189,12
1165,MESIR DWI JAYA,171,11
1166,MESIR ILIR,190,13
1167,MESIR UDIK,190,13
1168,METRO,226,15
1169,MOJOKERTO,44,3
1170,MOJOPAHIT,46,3
1171,MORIS JAYA,166,11
1172,MRANGGI JAYA,47,3
1173,MUARA AMAN,95,5
1174,MUARA ASRI,109,6
1175,MUARA BARU,8,1
1176,MUARA DUA,93,5
1177,MUARA DUA,160,10
1178,MUARA DUA ULU BELU,164,10
1179,MUARA GADING MAS,68,4
1180,MUARA JAYA,81,4
1181,MUARA JAYA I,8,1
1182,MUARA JAYA II,8,1
1183,MUARA MAS,109,6
1184,MUARA PUTIH,23,2
1185,MUARA TEMBULIH,130,8
1186,MUARA TENANG,113,6
1187,MUARA TENANG TIMUR,113,6
1188,MUJI RAHAYU,51,3
1189,MUKTI JAYA,113,6
1190,MUKTI KARYA,110,6
1191,MULANG MAYA,99,5
1192,MULANG MAYA,131,8
1193,MULANG MAYA,156,10
1194,MULYA AGUNG,112,6
1195,MULYA AGUNG,199,13
1196,MULYA JAYA,182,12
1197,MULYA JAYA,186,12
1198,MULYA JAYA,202,13
1199,MULYA KENCANA,186,12
1200,MULYA SARI,182,12
1201,MULYA SARI,199,13
1202,MULYASARI,108,6
1203,MULYO AJI,175,11
1204,MULYO ASRI,65,4
1205,MULYO ASRI,186,12
1206,MULYO DADI,180,11
1207,MULYO HAJI,34,3
1208,MULYO HARJO,195,13
1209,MULYO JADI,183,12
1210,MULYO REJO I,96,5
1211,MULYO REJO II,96,5
1212,MULYO SARI,75,4
1213,MULYO SARI,181,12
1214,MULYOJATI,225,15
1215,MULYOREJO,139,9
1216,MULYOSARI,30,2
1217,MULYOSARI,125,7
1218,MULYOSARI,225,15
1219,MUMBANG JAYA,67,4
1220,MUNCA,122,7
1221,MUNJUK SAMPURNA,19,2
1222,MURNI JAYA,188,12
1223,MUTAR ALAM,15,1
1224,NABANG BARU,71,4
1225,NAMBAH DADI,56,3
1226,NAMBAH REJO,43,3
1227,NAMPI REJO,62,4
1228,NAPAL,148,10
1229,NAPAL,152,10
1230,NATAR,23,2
1231,NEGARA AGUNG,103,5
1232,NEGARA AJI BARU,34,3
1233,NEGARA AJI TUA,34,3
1234,NEGARA BATIN,67,4
1235,NEGARA BATIN,106,5
1236,NEGARA BATIN,155,10
1237,NEGARA BATIN,198,13
1238,NEGARA BATIN II,106,5
1239,NEGARA BESAR,200,13
1240,NEGARA BUMI,105,5
1241,NEGARA BUMI ILIR,34,3
1242,NEGARA BUMI UDIK,34,3
1243,NEGARA HARJA,201,13
1244,NEGARA JAYA,200,13
1245,NEGARA MULYA,198,13
1246,NEGARA NABUNG,81,4
1247,NEGARA RATU,23,2
1248,NEGARA RATU,63,4
1249,NEGARA RATU,106,5
1250,NEGARA RATU,201,13
1251,NEGARA RATU WATES,121,7
1252,NEGARA SAKA,67,4
1253,NEGARA SAKA,118,7
1254,NEGARA SAKTI,201,13
1255,NEGARA TAMA,201,13
1256,NEGARA TULANG BAWANG,96,5
1257,NEGERA KEMAKMURAN,97,5
1258,NEGERI AGUNG,49,3
1259,NEGERI AGUNG,66,4
1260,NEGERI AGUNG,71,4
1261,NEGERI AGUNG,147,10
1262,NEGERI AGUNG,163,10
1263,NEGERI AGUNG,199,13
1264,NEGERI BARU,203,13
1265,NEGERI BATIN,203,13
1266,NEGERI BATIN JAYA,102,5
1267,NEGERI BUMI PUTRA,203,13
1268,NEGERI CAMPANG JAYA,105,5
1269,NEGERI GALIH REJO,105,5
1270,NEGERI JAYA,3,1
1271,NEGERI JAYA,49,3
1272,NEGERI JAYA,200,13
1273,NEGERI JEMANTEN,71,4
1274,NEGERI KASIH,200,13
1275,NEGERI KATON,49,3
1276,NEGERI KATON,71,4
1277,NEGERI KATON,118,7
1278,NEGERI KELUMBAYAN,152,10
1279,NEGERI KEPAYUNGAN,45,3
1280,NEGERI MULYO,196,13
1281,NEGERI NGARIP,165,10
1282,NEGERI OLOK GADING,220,14
1283,NEGERI PANDAN,19,2
1284,NEGERI RATU,4,1
1285,NEGERI RATU,101,5
1286,NEGERI RATU,106,5
1287,NEGERI RATU,134,8
1288,NEGERI RATU,154,10
1289,NEGERI RATU,159,10
1290,NEGERI RATU NGAMBUR,130,8
1291,NEGERI RATU NGARAS,131,8
1292,NEGERI RATU TENUMBANG,132,8
1293,NEGERI SAKTI,102,5
1294,NEGERI SAKTI,106,5
1295,NEGERI SAKTI,115,7
1296,NEGERI SUNGKAI,196,13
1297,NEGERI TUA,71,4
1298,NEGERI UJAN MAS,196,13
1299,NEGERI UJUNG KARANG,101,5
1300,NEGERI ULANGAN JAYA,118,7
1301,NEGLASARI,20,2
1302,NEGLASARI,91,5
1303,NEGLASARI,142,9
1304,NEGRI RATU,45,3
1305,NEKI,191,13
1306,NGARIP,164,10
1307,NGESTI KARYA,83,4
1308,NGESTI RAHAYU,46,3
1309,NIBUNG,66,4
1310,NIPAH KUNING,108,6
1311,NOTOHARJO,58,3
1312,NUAR MAJU,194,13
1313,NUNGGAL REJO,46,3
1314,NUSANTARA PERMAI,214,14
1315,NUSAWUNGU,139,9
1316,NYAMPIR,65,4
1317,NYAPAH BANYU,87,5
1318,NYUKANG HARJO,49,3
1319,OGAN CAMPANG,87,5
1320,OGAN JAYA,87,5
1321,OGAN JAYA,106,5
1322,OGAN LIMA,85,5
1323,OJO LALI,203,13
1324,ONO HARJO,56,3
1325,PADAN,25,2
1326,PADANG ALAM,131,8
1327,PADANG CAHAYA,2,1
1328,PADANG CERMIN,119,7
1329,PADANG CERMIN,124,7
1330,PADANG DALOM,2,1
1331,PADANG HALUAN,128,8
1332,PADANG MANIS,123,7
1333,PADANG MANIS,165,10
1334,PADANG RATU,44,3
1335,PADANG RATU,106,5
1336,PADANG RATU,115,7
1337,PADANG RATU,157,10
1338,PADANG RATU,165,10
1339,PADANG RAYA,128,8
1340,PADANG REJO,45,3
1341,PADANG RINDU,134,8
1342,PADANG TAMBAK,15,1
1343,PADANGREJO,141,9
1344,PADUAN RAJAWALI,175,11
1345,PAGAR,94,5
1346,PAGAR ALAM ULU BELU,164,10
1347,PAGAR BUANA,189,12
1348,PAGAR BUKIT,126,8
1349,PAGAR BUKIT INDUK,126,8
1350,PAGAR DALAM,129,8
1351,PAGAR DALAM,132,8
1352,PAGAR DEWA,10,1
1353,PAGAR DEWA,12,1
1354,PAGAR DEWA,185,12
1355,PAGAR DEWA SUKA MULYA,185,12
1356,PAGAR GADING,94,5
1357,PAGAR IMAN,200,13
1358,PAGAR JAYA,120,7
1359,PAGAR JAYA,184,12
1360,PAGELARAN,141,9
1361,PAGUYUBAN,123,7
1362,PAHAYU JAYA,10,1
1363,PAHMUNGAN,133,8
1364,PAHOMAN,206,14
1365,PAJAJARAN,155,10
1366,PAJAR AGUNG,6,1
1367,PAJAR BULAN,15,1
1368,PAJAR BULAN,136,8
1369,PAKU,152,10
1370,PAKU NEGARA,132,8
1371,PAKUAN AJI,81,4
1372,PAKUAN BARU,201,13
1373,PAKUAN RATU,201,13
1374,PAKUAN SAKTI,201,13
1375,PAKUON AGUNG,101,5
1376,PALAPA,218,14
1377,PALAS AJI,24,2
1378,PALAS JAYA,24,2
1379,PALAS PASEMAH,24,2
1380,PALEMBAPANG,19,2
1381,PAMENANG,141,9
1382,PAMPANG TANGGUK JAYA,105,5
1383,PAMPANGAN,11,1
1384,PAMPANGAN,115,7
1385,PAMPANGAN,149,10
1386,PAMULIHAN,32,2
1387,PANANGGUNGAN,154,10
1388,PANARAGAN,186,12
1389,PANARAGAN JAYA,186,12
1390,PANARAGAN JAYA INDAH,186,12
1391,PANARAGAN JAYA UTAMA,186,12
1392,PANCA BAKTI,121,7
1393,PANCA KARSA PURNA JAYA,167,11
1394,PANCA MARGA,181,12
1395,PANCA MULIA,167,11
1396,PANCA NEGERI,203,13
1397,PANCA TUNGGAL,22,2
1398,PANCA TUNGGAL JAYA,176,11
1399,PANCA WARNA,114,6
1400,PANCASILA,23,2
1401,PANCUR MAS,9,1
1402,PANDANSARI,145,9
1403,PANDANSARI SELATAN,145,9
1404,PANDANSURAT,145,9
1405,PANGGUNG JAYA,111,6
1406,PANGGUNG MULYO,180,11
1407,PANGGUNG REJO,111,6
1408,PANGGUNGREJO,145,9
1409,PANGGUNGREJO UTARA,145,9
1410,PANGKAL MAS,109,6
1411,PANGKAL MAS JAYA,109,6
1412,PANGKAL MAS MULYA,109,6
1413,PANJANG SELATAN,212,14
1414,PANJANG UTARA,212,14
1415,PANJEREJO,140,9
1416,PANUTAN,141,9
1417,PAPAN ASRI,89,5
1418,PAPAN REJO,92,5
1419,PARDAHAGA,129,8
1420,PARDASUKA,20,2
1421,PARDASUKA,131,8
1422,PARDASUKA,143,9
1423,PARDASUKA,154,10
1424,PARDASUKA,165,10
1425,PARDASUKA SELATAN,143,9
1426,PARDASUKA TIMUR,143,9
1427,PARDAWARAS,161,10
1428,PAREREJO,140,9
1429,PARIAMAN,151,10
1430,PARIAMAN,157,10
1431,PASAR BANJIT,191,13
1432,PASAR BARU,116,7
1433,PASAR BATANG,176,11
1434,PASAR KOTA KRUI,133,8
1435,PASAR KRUI,133,8
1436,PASAR LIWA,2,1
1437,PASAR MADANG,154,10
1438,PASAR PULAUPISANG,135,8
1439,PASAR SUKADANA,81,4
1440,PASIR GINTUNG,218,14
1441,PASIR SAKTI,75,4
1442,PASIR UKIR,141,9
1443,PASIRAN JAYA,169,11
1444,PASURUAN,25,2
1445,PATOMAN,141,9
1446,PAUH TANJUNG IMAN,19,2
1447,PAYA,119,7
1448,PAYUNG,155,10
1449,PAYUNG BATU,45,3
1450,PAYUNG DADI,45,3
1451,PAYUNG MAKMUR,45,3
1452,PAYUNG MULYA,45,3
1453,PAYUNG REJO,45,3
1454,PEJAMBON,118,7
1455,PEKALONGAN,76,4
1456,PEKANDANGAN,45,3
1457,PEKON AMPAI,117,7
1458,PEKON AMPAI,157,10
1459,PEKON BALAK,4,1
1460,PEKON BALAK,165,10
1461,PEKON LOK,135,8
1462,PEKON MON,130,8
1463,PEKON SUSUK,152,10
1464,PEKON UNGGAK,152,10
1465,PEKONDOH,123,7
1466,PEKONDOH,149,10
1467,PEKONDOH GEDUNG,123,7
1468,PEKURUN,87,5
1469,PEKURUN BARAT,91,5
1470,PEKURUN SELATAN,91,5
1471,PEKURUN TENGAH,87,5
1472,PEKURUN UDIK,87,5
1473,PEKURUN UTARA,91,5
1474,PELINDUNG JAYA,66,4
1475,PELITA,206,14
1476,PELITA JAYA,132,8
1477,PEMANCAR,134,8
1478,PEMANGGILAN,23,2
1479,PEMATANG,19,2
1480,PEMATANG BARU,24,2
1481,PEMATANG KASIH,85,5
1482,PEMATANG NEBAK,148,10
1483,PEMATANG PASIR,21,2
1484,PEMATANG TAHALO,67,4
1485,PEMATANG WANGI,216,14
1486,PEMERIHAN,126,8
1487,PEMERIHAN,128,8
1488,PEMPEN,66,4
1489,PENAGAN RATU,92,5
1490,PENANGGUNGAN,151,10
1491,PENANTIAN,160,10
1492,PENANTIAN ULU BELU,164,10
1493,PENAWAR,170,11
1494,PENAWAR BARU,170,11
1495,PENAWAR JAYA,168,11
1496,PENAWAR REJO,168,11
1497,PENDOWO ASRI,169,11
1498,PENENGAHAN,25,2
1499,PENENGAHAN,124,7
1500,PENENGAHAN,127,8
1501,PENENGAHAN,129,8
1502,PENENGAHAN,199,13
1503,PENENGAHAN,208,14
1504,PENENGAHAN RAYA,208,14
1505,PENGAJARAN,223,14
1506,PENGARINGAN,85,5
1507,PENGGAWA LIMA,136,8
1508,PENGGAWA LIMA ILIR,136,8
1509,PENGGAWA V TENGAH,127,8
1510,PENGGAWA V ULU,127,8
1511,PENIANGAN,70,4
1512,PENUMANGAN,186,12
1513,PENUMANGAN BARU,186,12
1514,PENYANDINGAN,117,7
1515,PENYANDINGAN,126,8
1516,PENYANDINGAN,152,10
1517,PERADUAN WARAS,92,5
1518,PERUMNAS WAY HALIM,224,14
1519,PERUMNAS WAY KANDIS,216,14
1520,PERWATA,222,14
1521,PESANGUN,158,10
1522,PESAWAHAN,221,14
1523,PESAWARAN INDAH,116,7
1524,PESAWARAN INDAH,125,7
1525,PETAY KAYU,164,10
1526,PIDADA,212,14
1527,PINANG JAYA,209,14
1528,PISANG,25,2
1529,PISANG BARU,195,13
1530,PISANG INDAH,195,13
1531,PODOMORO,144,9
1532,PODOSARI,144,9
1533,PONCO WARNO,42,3
1534,PONCOKRESNO,118,7
1535,PONCOREJO,125,7
1536,PONCOWATI,56,3
1537,PRIANGAN BARU,107,5
1538,PRINGSEWU BARAT,144,9
1539,PRINGSEWU SELATAN,144,9
1540,PRINGSEWU TIMUR,144,9
1541,PRINGSEWU UTARA,144,9
1542,PUGUNG RAHARJO,80,4
1543,PUJI RAHAYU,22,2
1544,PUJIHARJO,141,9
1545,PUJO BASUKI,58,3
1546,PUJOASRI,58,3
1547,PUJODADI,58,3
1548,PUJODADI,143,9
1549,PUJOKERTO,58,3
1550,PUJORAHAYU,118,7
1551,PULAU BATU,199,13
1552,PULAU BENAWANG,155,10
1553,PULAU JAYA,24,2
1554,PULAU LEGUNDI,120,7
1555,PULAU PAHAWANG,117,7
1556,PULAU PANGGUNG,93,5
1557,PULAU PANGGUNG,160,10
1558,PULAU TENGAH,24,2
1559,PULO GADUNG,177,11
1560,PULUNG KENCANA,186,12
1561,PUNGGUK LAMA,92,5
1562,PUNGKUT,159,10
1563,PUNJUL AGUNG,194,13
1564,PURA JAYA,8,1
1565,PURA MEKAR,7,1
1566,PURA WIWITAN,8,1
1567,PURALAKSANA,15,1
1568,PURBASAKTI,90,5
1569,PURBOSEMBODO,74,4
1570,PURNAMA TUNGGAL,59,3
1571,PURWA AGUNG,198,13
1572,PURWA NEGARA,198,13
1573,PURWAJAYA,168,11
1574,PURWOADI,58,3
1575,PURWOASRI,229,15
1576,PURWODADI,32,2
1577,PURWODADI,37,3
1578,PURWODADI,58,3
1579,PURWODADI,137,9
1580,PURWODADI,150,10
1581,PURWODADI DALAM,30,2
1582,PURWODADI MEKAR,62,4
1583,PURWODADI SIMPANG,29,2
1584,PURWOKENCONO,80,4
1585,PURWOREJO,43,3
1586,PURWOREJO,44,3
1587,PURWOREJO,75,4
1588,PURWOREJO,118,7
1589,PURWOSARI,23,2
1590,PURWOSARI,44,3
1591,PURWOSARI,63,4
1592,PURWOSARI,70,4
1593,PURWOSARI,153,10
1594,PURWOSARI,229,15
1595,PURWOTANI,18,2
1596,PUTIH DOH,149,10
1597,PUTRA AJI I,81,4
1598,PUTRA AJI II,81,4
1599,PUTRA BUYUT,41,3
1600,PUTRA DEWA,190,13
1601,PUTRA LEMPUYANG,59,3
1602,QURNIA MATARAM,53,3
1603,RAJABASA,26,2
1604,RAJABASA,131,8
1605,RAJABASA,147,10
1606,RAJABASA,213,14
1607,RAJABASA BARU,72,4
1608,RAJABASA BATANGHARI,81,4
1609,RAJABASA JAYA,213,14
1610,RAJABASA LAMA,69,4
1611,RAJABASA LAMA I,69,4
1612,RAJABASA LAMA II,69,4
1613,RAJABASA NUNYAI,213,14
1614,RAJABASA PEMUKA,213,14
1615,RAJABASA RAYA,213,14
1616,RAJAWALI,36,3
1617,RAMA DEWA,54,3
1618,RAMA GUNAWAN,54,3
1619,RAMA INDRA,54,3
1620,RAMA KLANDUNGAN,54,3
1621,RAMA MURTI,54,3
1622,RAMA NIRWANA,54,3
1623,RAMA OETAMA,54,3
1624,RAMA PUJA,78,4
1625,RAMA YANA,54,3
1626,RAMAN AJI,78,4
1627,RAMAN ENDRA,78,4
1628,RAMAN FAJAR,78,4
1629,RAMBANG JAYA,203,13
1630,RAMSAI,204,13
1631,RANGAI TRI TUNGGAL,20,2
1632,RANTAU FAJAR,78,4
1633,RANTAU JAYA,191,13
1634,RANTAU JAYA BARU,47,3
1635,RANTAU JAYA ILIR,47,3
1636,RANTAU JAYA MAKMUR,47,3
1637,RANTAU JAYA UDIK,81,4
1638,RANTAU JAYA UDIK II,81,4
1639,RANTAU MINYAK,17,2
1640,RANTAU TEMIANG,191,13
1641,RANTAU TIJANG,143,9
1642,RANTAU TIJANG,159,10
1643,RATA AGUNG,129,8
1644,RATNA CHATON,54,3
1645,RATNA DAYA,78,4
1646,RATU ABUNG,88,5
1647,RATU JAYA,105,5
1648,RAWA BETIK,55,3
1649,RAWA LAUT,206,14
1650,RAWA RAGIL,180,11
1651,RAWA SELAPAN,17,2
1652,RAWAS,133,8
1653,RAWI,25,2
1654,REBANG TINGGI,191,13
1655,REJO ASRI,54,3
1656,REJO BASUKI,54,3
1657,REJO BINANGUN,78,4
1658,REJO BINANGUN,112,6
1659,REJO KATON,78,4
1660,REJO MULYO,24,2
1661,REJO MULYO,75,4
1662,REJO MULYO,114,6
1663,REJO SARI,144,9
1664,REJO SARI,164,10
1665,REJO SARI,177,11
1666,REJOAGUNG,62,4
1667,REJOAGUNG,121,7
1668,REJOMULYO,18,2
1669,REJOMULYO,29,2
1670,REJOMULYO,92,5
1671,REJOMULYO,227,15
1672,REJOSARI,23,2
1673,REJOSARI,98,5
1674,REJOSARI,199,13
1675,REJOSARI MATARAM,53,3
1676,REKSO BINANGUN,48,3
1677,RENGAS,38,3
1678,RENO BASUKI,48,3
1679,RESTU BARU,48,3
1680,RESTU BUANA,48,3
1681,RESTU RAHAYU,78,4
1682,RIAU PRIANGAN,45,3
1683,RIGIS JAYA,1,1
1684,RINGIN JAYA,3,1
1685,RINGIN SARI,13,1
1686,RINGIN SARI,168,11
1687,ROWO REJO,13,1
1688,ROWOREJO,118,7
1689,RUANG TENGAH,25,2
1690,RUBASA,120,7
1691,RUGUK,21,2
1692,RUKTI BASUKI,48,3
1693,RUKTI ENDAH,54,3
1694,RUKTI HARJO,54,3
1695,RUKTI SEDYO,78,4
1696,RULUNG HELOK,23,2
1697,RULUNG MULYA,23,2
1698,RULUNG RAYA,23,2
1699,RULUNG SARI,23,2
1700,RUMBIH,201,13
1701,SABAH BALAU,29,2
1702,SABUK EMPAT,86,5
1703,SABUK INDAH,86,5
1704,SADAR SRIWIJAYA,61,4
1705,SAKTI BUANA,52,3
1706,SAKTI JAYA,181,12
1707,SAMBIKARTO,79,4
1708,SAMBIREJO,67,4
1709,SAMPANG TURUS,165,10
1710,SANGGA BUANA,60,3
1711,SANGGAR BUANA,52,3
1712,SANGGI,119,7
1713,SANGGI,147,10
1714,SANGGI UNGGAK,147,10
1715,SANGKARAN BHAKTI,193,13
1716,SANGUN RATU,45,3
1717,SAPTO MULYO,43,3
1718,SAPTORENGGO,190,13
1719,SARI JAYA,198,13
1720,SAWAH BREBES,219,14
1721,SAWAH LAMA,219,14
1722,SAWANG BALAK,149,10
1723,SAWOJAJAR,100,5
1724,SAY UMPU,204,13
1725,SEBARUS,2,1
1726,SEDAMPAH INDAH,2,1
1727,SEDAYU,161,10
1728,SEGALA MIDER,45,3
1729,SEGALA MIDER,217,14
1730,SEGARA MIDER,193,13
1731,SEKINCAU,11,1
1732,SEKIPI,93,5
1733,SELAPAN,143,9
1734,SELOREJO,62,4
1735,SELORETNO,27,2
1736,SEMANAK,16,2
1737,SEMARANG JAYA,1,1
1738,SEMULI JAYA,89,5
1739,SEMULI RAYA,89,5
1740,SENDANG AGUNG,50,3
1741,SENDANG AGUNG MATARAM,35,3
1742,SENDANG ASIH,50,3
1743,SENDANG ASRI,50,3
1744,SENDANG AYU,44,3
1745,SENDANG BARU,50,3
1746,SENDANG MUKTI,50,3
1747,SENDANG MULYO,50,3
1748,SENDANG REJO,50,3
1749,SENDANG RETNO,50,3
1750,SEPANG JAYA,210,14
1751,SEPUTIH JAYA,41,3
1752,SERAY,133,8
1753,SERDANG,29,2
1754,SERDANG KURING,190,13
1755,SERUNGKUK,6,1
1756,SERUPA INDAH,201,13
1757,SETIA AGUNG,183,12
1758,SETIA BAKTI,52,3
1759,SETIA BUDI,52,3
1760,SETIA BUMI,183,12
1761,SETIA NEGARA,192,13
1762,SETIA NEGARA,198,13
1763,SETIA TAMA,171,11
1764,SIDANG BANDAR ANOM,111,6
1765,SIDANG GUNUNG TIGA,111,6
1766,SIDANG ISO MUKTI,111,6
1767,SIDANG KURNIA AGUNG,111,6
1768,SIDANG MAKMUR,111,6
1769,SIDANG MUARA JAYA,111,6
1770,SIDANG SIDO RAHAYU,111,6
1771,SIDANG WAY PUJI,111,6
1772,SIDO ARJO,203,13
1773,SIDO KAYO,93,5
1774,SIDO MAKMUR,73,4
1775,SIDO MAKMUR,181,12
1776,SIDO MULYO,46,3
1777,SIDO MULYO,95,5
1778,SIDO RAHAYU,83,4
1779,SIDO WARAS,40,3
1780,SIDOASIH,21,2
1781,SIDODADI,1,1
1782,SIDODADI,10,1
1783,SIDODADI,27,2
1784,SIDODADI,36,3
1785,SIDODADI,37,3
1786,SIDODADI,76,4
1787,SIDODADI,79,4
1788,SIDODADI,104,5
1789,SIDODADI,122,7
1790,SIDODADI,123,7
1791,SIDODADI,141,9
1792,SIDODADI,143,9
1793,SIDODADI,161,10
1794,SIDODADI,177,11
1795,SIDODADI,208,14
1796,SIDODADI ASRI,18,2
1797,SIDOHARJO,18,2
1798,SIDOHARJO,31,2
1799,SIDOHARJO,49,3
1800,SIDOHARJO,144,9
1801,SIDOHARJO,153,10
1802,SIDOHARJO,177,11
1803,SIDOKATON,150,10
1804,SIDOKERTO,40,3
1805,SIDOLUHUR,21,2
1806,SIDOLUHUR,37,3
1807,SIDOMAKMUR,31,2
1808,SIDOMAKMUR,177,11
1809,SIDOMEKAR,20,2
1810,SIDOMEKAR,171,11
1811,SIDOMUKTI,30,2
1812,SIDOMUKTI,79,4
1813,SIDOMUKTI,92,5
1814,SIDOMUKTI,171,11
1815,SIDOMULYO,10,1
1816,SIDOMULYO,27,2
1817,SIDOMULYO,37,3
1818,SIDOMULYO,79,4
1819,SIDOMULYO,107,5
1820,SIDOMULYO,108,6
1821,SIDOMULYO,118,7
1822,SIDOMULYO,146,10
1823,SIDOMULYO,161,10
1824,SIDOMULYO,162,10
1825,SIDOMULYO,177,11
1826,SIDORAHAYU,89,5
1827,SIDOREJO,13,1
1828,SIDOREJO,27,2
1829,SIDOREJO,37,3
1830,SIDOREJO,80,4
1831,SIDOREJO,162,10
1832,SIDORENO,31,2
1833,SIDOSARI,17,2
1834,SIDOSARI,23,2
1835,SIDOWALUYO,27,2
1836,SILIWANGI,145,9
1837,SIMBAR WARINGIN,58,3
1838,SIMPANG AGUNG,51,3
1839,SIMPANG AGUNG,85,5
1840,SIMPANG ASAM,191,13
1841,SIMPANG BAYUR,147,10
1842,SIMPANG KANAN,162,10
1843,SIMPANG MESUJI,112,6
1844,SIMPANG PEMATANG,112,6
1845,SIMPANG SARI,14,1
1846,SIMPANG TIGA,202,13
1847,SINAR AGUNG,159,10
1848,SINAR BANDUNG,118,7
1849,SINAR BANGUN,147,10
1850,SINAR BANTEN,38,3
1851,SINAR BANTEN,163,10
1852,SINAR BANTEN,164,10
1853,SINAR BARU,145,9
1854,SINAR BARU TIMUR,145,9
1855,SINAR BETUNG,163,10
1856,SINAR GADING,197,13
1857,SINAR GALIH,104,5
1858,SINAR GUNUNG,87,5
1859,SINAR HARAPAN,102,5
1860,SINAR HARAPAN,116,7
1861,SINAR HARAPAN,163,10
1862,SINAR JATI,121,7
1863,SINAR JAWA,146,10
1864,SINAR JAYA,1,1
1865,SINAR JAYA,107,5
1866,SINAR KARYA,22,2
1867,SINAR LAGA,113,6
1868,SINAR LUAS,8,1
1869,SINAR LUAS,37,3
1870,SINAR MANCAK,160,10
1871,SINAR MAS ALAM,99,5
1872,SINAR MULYA,107,5
1873,SINAR MULYA,139,9
1874,SINAR MULYO,160,10
1875,SINAR NEGERI,45,3
1876,SINAR OGAN,29,2
1877,SINAR OGAN,88,5
1878,SINAR PALEMBANG,17,2
1879,SINAR PASEMAH,17,2
1880,SINAR PETIR,148,10
1881,SINAR PETIR,163,10
1882,SINAR REJEKI,18,2
1883,SINAR REJO,42,3
1884,SINAR SARI,42,3
1885,SINAR SAUDARA,165,10
1886,SINAR SEKAMPUNG,146,10
1887,SINAR SEMENDO,163,10
1888,SINAR SEPUTIH,37,3
1889,SINAR WAYA,137,9
1890,SINDANG AGUNG,107,5
1891,SINDANG ANOM,80,4
1892,SINDANG GARUT,123,7
1893,SINDANG MARGA,107,5
1894,SINDANG MARGA,160,10
1895,SINDANG PAGAR,14,1
1896,SINDANG SARI,29,2
1897,SINDANG SARI,98,5
1898,SINGOSARI,163,10
1899,SIRAMAN,76,4
1900,SIRING GADING,126,8
1901,SIRING JAHA,27,2
1902,SIRNA GALIH,164,10
1903,SISWO BINANGUN,52,3
1904,SOPONYONO,165,10
1905,SRENGSEM,212,14
1906,SRI AGUNG,44,3
1907,SRI AGUNG,103,5
1908,SRI BANDUNG,91,5
1909,SRI BASUKI,42,3
1910,SRI BASUKI,52,3
1911,SRI BASUKI,62,4
1912,SRI BASUKI,200,13
1913,SRI BAWONO,60,3
1914,SRI BHAKTI,52,3
1915,SRI BINANGUN,60,3
1916,SRI BUDAYA,60,3
1917,SRI BUSONO,60,3
1918,SRI DADI,42,3
1919,SRI GEDUNG MULYA,114,6
1920,SRI JAYA,103,5
1921,SRI KATON,34,3
1922,SRI KATON,161,10
1923,SRI KENANGA,39,3
1924,SRI KENCONO,39,3
1925,SRI KUNCORO,161,10
1926,SRI MELATI,165,10
1927,SRI MENANTI,1,1
1928,SRI MENANTI,61,4
1929,SRI MENANTI,107,5
1930,SRI MENANTI,198,13
1931,SRI MINOSARI,68,4
1932,SRI MULYO,33,3
1933,SRI MULYO,42,3
1934,SRI MULYO,198,13
1935,SRI NUMPI,195,13
1936,SRI PENDOWO,37,3
1937,SRI PENDOWO,61,4
1938,SRI PURNOMO,42,3
1939,SRI PURNOMO,161,10
1940,SRI RAHAYU,139,9
1941,SRI REJEKI,193,13
1942,SRI REJOSARI,84,4
1943,SRI SAWAHAN,46,3
1944,SRI TANJUNG,113,6
1945,SRI TUNGGAL,194,13
1946,SRI WANGI,84,4
1947,SRI WAY LANGSEP,42,3
1948,SRIBASUKI,98,5
1949,SRIBHAWONO,61,4
1950,SRIDADI,165,10
1951,SRIGADING,68,4
1952,SRIKATON,29,2
1953,SRIKATON,55,3
1954,SRIKATON,137,9
1955,SRIMANGANTEN,160,10
1956,SRIMULYA JAYA,55,3
1957,SRIMULYO,3,1
1958,SRIPENDOWO,21,2
1959,SRITEJO KENCONO,43,3
1960,SRIWEDARI,121,7
1961,SRIWIJAYA,113,6
1962,SRIWIJAYA,203,13
1963,SRIWIJAYA MATARAM,35,3
1964,SRIWUNGU,139,9
1965,SUAK,27,2
1966,SUBAN,22,2
1967,SUBANG JAYA,36,3
1968,SUBIK,91,5
1969,SUBING KARYA,53,3
1970,SUDIMORO,161,10
1971,SUDIMORO BANGUN,161,10
1972,SUKA AGUNG,114,6
1973,SUKA AGUNG,148,10
1974,SUKA AGUNG,194,13
1975,SUKA AGUNG BARAT,148,10
1976,SUKA BANDUNG,163,10
1977,SUKA BANJAR,9,1
1978,SUKA BANJAR,27,2
1979,SUKA BANJAR,130,8
1980,SUKA BANJAR,149,10
1981,SUKA BANJAR,151,10
1982,SUKA BANJAR II UJUNG REMBUN,9,1
1983,SUKA BHAKTI,171,11
1984,SUKA BUMI,163,10
1985,SUKA BUMI,201,13
1986,SUKA JADI,40,3
1987,SUKA JADI,128,8
1988,SUKA JAWA,40,3
1989,SUKA JAYA,10,1
1990,SUKA JAYA,103,5
1991,SUKA JAYA,182,12
1992,SUKA MAJU,9,1
1993,SUKA MAJU,93,5
1994,SUKA MAJU,96,5
1995,SUKA MAJU,108,6
1996,SUKA MAJU,116,7
1997,SUKA MAJU,131,8
1998,SUKA MAJU,164,10
1999,SUKA MAJU,195,13
2000,SUKA MAKMUR,6,1
2001,SUKA MAKMUR,176,11
2002,SUKA MANDIRI,114,6
2003,SUKA MARGA,93,5
2004,SUKA MARGA,126,8
2005,SUKA MARGA,135,8
2006,SUKA MENANTI,95,5
2007,SUKA MERINDU,163,10
2008,SUKA MULYA,10,1
2009,SUKA MULYA,12,1
2010,SUKA MULYA,129,8
2011,SUKA MULYA,159,10
2012,SUKA NEGARA,130,8
2013,SUKA NEGERI,37,3
2014,SUKA NEGERI,126,8
2015,SUKA NEGERI,143,9
2016,SUKA NEGERI,163,10
2017,SUKA NEGERI,196,13
2018,SUKA NEGERI JAYA,163,10
2019,SUKA PURA,14,1
2020,SUKABAKTI,24,2
2021,SUKABANJAR,115,7
2022,SUKABANJAR,156,10
2023,SUKABARU,25,2
2024,SUKABARU,136,8
2025,SUKABUMI,4,1
2026,SUKABUMI,194,13
2027,SUKABUMI,214,14
2028,SUKABUMI INDAH,214,14
2029,SUKACARI,63,4
2030,SUKADADI,115,7
2031,SUKADAMAI,1,1
2032,SUKADAMAI,23,2
2033,SUKADAMAI,151,10
2034,SUKADANA,81,4
2035,SUKADANA,135,8
2036,SUKADANA,194,13
2037,SUKADANA BARU,71,4
2038,SUKADANA ILIR,81,4
2039,SUKADANA ILIR,96,5
2040,SUKADANA JAYA,81,4
2041,SUKADANA SELATAN,81,4
2042,SUKADANA TENGAH,81,4
2043,SUKADANA TIMUR,81,4
2044,SUKADANA UDIK,81,4
2045,SUKADANA UDIK,96,5
2046,SUKADANAHAM,217,14
2047,SUKAJADI,1,1
2048,SUKAJADI,159,10
2049,SUKAJADI,197,13
2050,SUKAJAWA,217,14
2051,SUKAJAWA BARU,217,14
2052,SUKAJAYA,14,1
2053,SUKAJAYA,20,2
2054,SUKAJAYA,25,2
2055,SUKAJAYA,33,3
2056,SUKAJAYA,124,7
2057,SUKAJAYA,161,10
2058,SUKAJAYA LEMPASING,122,7
2059,SUKAJAYA PIDADA,120,7
2060,SUKAJAYA PUNDUH,117,7
2061,SUKAMAJU,27,2
2062,SUKAMAJU,32,2
2063,SUKAMAJU,89,5
2064,SUKAMAJU,120,7
2065,SUKAMAJU,159,10
2066,SUKAMAJU,168,11
2067,SUKAMAJU,222,14
2068,SUKAMANAH,137,9
2069,SUKAMANDI,123,7
2070,SUKAMARA,148,10
2071,SUKAMARGA,13,1
2072,SUKAMARGA,27,2
2073,SUKAMENANTI,208,14
2074,SUKAMENANTI BARU,208,14
2075,SUKAMERNAH,151,10
2076,SUKAMULYA,24,2
2077,SUKAMULYA,107,5
2078,SUKAMULYA,139,9
2079,SUKANANTI,15,1
2080,SUKANEGARA,29,2
2081,SUKANEGARA,37,3
2082,SUKANEGARA,133,8
2083,SUKANEGARA,148,10
2084,SUKAPADANG,149,10
2085,SUKAPURA,28,2
2086,SUKARAJA,4,1
2087,SUKARAJA,15,1
2088,SUKARAJA,24,2
2089,SUKARAJA,26,2
2090,SUKARAJA,115,7
2091,SUKARAJA,149,10
2092,SUKARAJA,151,10
2093,SUKARAJA,161,10
2094,SUKARAJA,205,14
2095,SUKARAJA NUBAN,63,4
2096,SUKARAJA TIGA,71,4
2097,SUKARAME,2,1
2098,SUKARAME,6,1
2099,SUKARAME,120,7
2100,SUKARAME,131,8
2101,SUKARAME,132,8
2102,SUKARAME,163,10
2103,SUKARAME,175,11
2104,SUKARAME,196,13
2105,SUKARAME,215,14
2106,SUKARAME BARU,215,14
2107,SUKARAME II,220,14
2108,SUKARATU,19,2
2109,SUKARATU,141,9
2110,SUKASARI,107,5
2111,SUKATANI,19,2
2112,SUKAWANGI,141,9
2113,SUKAWARINGIN,37,3
2114,SUKO BINANGUN,60,3
2115,SUKO SARI,42,3
2116,SUKOHARJO,79,4
2117,SUKOHARJO,90,5
2118,SUKOHARJO I,145,9
2119,SUKOHARJO II,145,9
2120,SUKOHARJO III,145,9
2121,SUKOHARJO III BARAT,145,9
2122,SUKOHARJO IV,145,9
2123,SUKOHARUM,137,9
2124,SUKORAHAYU,68,4
2125,SUKOREJO,143,9
2126,SUKOSARI,192,13
2127,SUKOYOSO,145,9
2128,SULUSUBAN,51,3
2129,SUMA MUKTI,204,13
2130,SUMANDA,159,10
2131,SUMBER AGUNG,13,1
2132,SUMBER AGUNG,28,2
2133,SUMBER AGUNG,32,2
2134,SUMBER AGUNG,36,3
2135,SUMBER AGUNG,62,4
2136,SUMBER AGUNG,74,4
2137,SUMBER AGUNG,92,5
2138,SUMBER AGUNG,101,5
2139,SUMBER AGUNG,130,8
2140,SUMBER AGUNG,138,9
2141,SUMBER AGUNG,180,11
2142,SUMBER AGUNG,209,14
2143,SUMBER AGUNG MATARAM,53,3
2144,SUMBER ALAM,1,1
2145,SUMBER ARUM,98,5
2146,SUMBER BAHAGIA,52,3
2147,SUMBER BANDUNG,142,9
2148,SUMBER BARU,52,3
2149,SUMBER BARU,191,13
2150,SUMBER FAJAR,52,3
2151,SUMBER HADI,73,4
2152,SUMBER JAYA,18,2
2153,SUMBER JAYA,83,4
2154,SUMBER JAYA,171,11
2155,SUMBER JAYA,182,12
2156,SUMBER KATON,55,3
2157,SUMBER MAKMUR,108,6
2158,SUMBER MAKMUR,168,11
2159,SUMBER MARGA,84,4
2160,SUMBER MULYA,160,10
2161,SUMBER MULYO,162,10
2162,SUMBER NADI,21,2
2163,SUMBER REJEKI,182,12
2164,SUMBER REJEKI,199,13
2165,SUMBER REJEKI MATARAM,35,3
2166,SUMBER REJO,5,1
2167,SUMBER REJO,43,3
2168,SUMBER REJO,62,4
2169,SUMBER REJO,83,4
2170,SUMBER REJO,114,6
2171,SUMBER REJO,184,12
2172,SUMBER REJO,209,14
2173,SUMBER REJO SEJAHTERA,209,14
2174,SUMBER SARI,28,2
2175,SUMBER SARI,44,3
2176,SUMBER SARI,176,11
2177,SUMBER SARI,191,13
2178,SUMBER TANI,87,5
2179,SUMBEREJO,84,4
2180,SUMBEREJO,126,8
2181,SUMBEREJO,141,9
2182,SUMBEREJO,162,10
2183,SUMBERGEDE,79,4
2184,SUMBERJAYA,125,7
2185,SUMBERSARI,79,4
2186,SUMBERSARI,227,15
2187,SUMUR,21,2
2188,SUMUR BANDUNG,84,4
2189,SUMUR BATU,223,14
2190,SUMUR JAYA,132,8
2191,SUMUR KUCING,75,4
2192,SUMUR KUMBANG,19,2
2193,SUMUR PUTRI,221,14
2194,SUMUR TUJUH,165,10
2195,SUNGAI BADAK,108,6
2196,SUNGAI BUAYA,111,6
2197,SUNGAI BURUNG,169,11
2198,SUNGAI CAMBAI,109,6
2199,SUNGAI LANGKA,115,7
2200,SUNGAI LUAR,174,11
2201,SUNGAI NIBUNG,169,11
2202,SUNGAI SIDANG,111,6
2203,SUNGSANG,199,13
2204,SUOH,3,1
2205,SURABAYA,44,3
2206,SURABAYA,208,14
2207,SURABAYA BARU,36,3
2208,SURABAYA ILIR,36,3
2209,SURAKARTA,92,5
2210,SURYA MATARAM,71,4
2211,SUSUNAN BARU,217,14
2212,SWASTIKA BUANA,52,3
2213,TAJIMALELA,19,2
2214,TAJUR,117,7
2215,TALA GENING,155,10
2216,TALANG,221,14
2217,TALANG BARU,27,2
2218,TALANG BATU,109,6
2219,TALANG BERINGIN,160,10
2220,TALANG BOJONG,98,5
2221,TALANG JAWA,22,2
2222,TALANG JAWA,160,10
2223,TALANG JEMBATAN,86,5
2224,TALANG LEBAR,159,10
2225,TALANG MANGGA,197,13
2226,TALANG MULYA,122,7
2227,TALANG PADANG,163,10
2228,TALANG REJO,156,10
2229,TALANG SEPUH,163,10
2230,TALANG WAY SULAN,32,2
2231,TALANGJALI,100,5
2232,TAMAN AGUNG,19,2
2233,TAMAN ASRI,77,4
2234,TAMAN ASRI,192,13
2235,TAMAN BARU,25,2
2236,TAMAN BOGO,77,4
2237,TAMAN CARI,77,4
2238,TAMAN DADI,77,4
2239,TAMAN ENDAH,77,4
2240,TAMAN FAJAR,77,4
2241,TAMAN JAYA,99,5
2242,TAMAN NEGERI,82,4
2243,TAMAN SARI,21,2
2244,TAMAN SARI,49,3
2245,TAMAN SARI,159,10
2246,TAMANSARI,115,7
2247,TAMBAH LUHUR,77,4
2248,TAMBAH REJO BARAT,140,9
2249,TAMBAH SUBUR,82,4
2250,TAMBAHREJO,140,9
2251,TAMBAK JAYA,15,1
2252,TAMBANGAN,119,7
2253,TAMPANG,158,10
2254,TAMPANG MUDA,158,10
2255,TANAH ABANG,96,5
2256,TANGGUL ANGIN,46,3
2257,TANGKAS,197,13
2258,TANGKIT SERDANG,159,10
2259,TANJUNG AGUNG,20,2
2260,TANJUNG AGUNG,122,7
2261,TANJUNG AGUNG,123,7
2262,TANJUNG AGUNG,155,10
2263,TANJUNG AGUNG,159,10
2264,TANJUNG AGUNG,201,13
2265,TANJUNG AGUNG,219,14
2266,TANJUNG AGUNG RAYA,207,14
2267,TANJUNG AJI,73,4
2268,TANJUNG AMAN,99,5
2269,TANJUNG ANOM,57,3
2270,TANJUNG ANOM,156,10
2271,TANJUNG BARU,22,2
2272,TANJUNG BARU,95,5
2273,TANJUNG BARU,164,10
2274,TANJUNG BARU,207,14
2275,TANJUNG BARU TIMUR,95,5
2276,TANJUNG BEGELUNG,160,10
2277,TANJUNG BERINGIN,107,5
2278,TANJUNG BETUAH,149,10
2279,TANJUNG BULAN,197,13
2280,TANJUNG DALAM,141,9
2281,TANJUNG DALAM,195,13
2282,TANJUNG GADING,26,2
2283,TANJUNG GADING,207,14
2284,TANJUNG GUNUNG,160,10
2285,TANJUNG HARAPAN,22,2
2286,TANJUNG HARAPAN,34,3
2287,TANJUNG HARAPAN,52,3
2288,TANJUNG HARAPAN,71,4
2289,TANJUNG HARAPAN,97,5
2290,TANJUNG HARAPAN,99,5
2291,TANJUNG HARAPAN,113,6
2292,TANJUNG HARAPAN,197,13
2293,TANJUNG HARTA,85,5
2294,TANJUNG HERAN,25,2
2295,TANJUNG HERAN,159,10
2296,TANJUNG IMAN,94,5
2297,TANJUNG INTEN,77,4
2298,TANJUNG JATI,129,8
2299,TANJUNG JATI,132,8
2300,TANJUNG JATI,149,10
2301,TANJUNG JATI,156,10
2302,TANJUNG JAYA,24,2
2303,TANJUNG JAYA,102,5
2304,TANJUNG JAYA,157,10
2305,TANJUNG KARANG,206,14
2306,TANJUNG KEMALA,45,3
2307,TANJUNG KEMALA,126,8
2308,TANJUNG KEMALA,159,10
2309,TANJUNG KERAJAN,52,3
2310,TANJUNG KERTA,124,7
2311,TANJUNG KESUMA,77,4
2312,TANJUNG KURUNG,165,10
2313,TANJUNG KURUNG,197,13
2314,TANJUNG MAS JAYA,109,6
2315,TANJUNG MAS MAKMUR,109,6
2316,TANJUNG MAS MULYA,109,6
2317,TANJUNG MAS REJO,109,6
2318,TANJUNG MENANG,109,6
2319,TANJUNG MENANG RAYA,109,6
2320,TANJUNG PANDAN,37,3
2321,TANJUNG QENCONO,82,4
2322,TANJUNG RAJA,107,5
2323,TANJUNG RAJA,149,10
2324,TANJUNG RAJA GIHAM,193,13
2325,TANJUNG RAJA SAKTI,193,13
2326,TANJUNG RATU,20,2
2327,TANJUNG RATU,49,3
2328,TANJUNG RATU,201,13
2329,TANJUNG RATU ILIR,59,3
2330,TANJUNG RAYA,12,1
2331,TANJUNG RAYA,15,1
2332,TANJUNG RAYA,132,8
2333,TANJUNG RAYA,202,13
2334,TANJUNG RAYA,207,14
2335,TANJUNG REJO,45,3
2336,TANJUNG REJO,118,7
2337,TANJUNG REJO,124,7
2338,TANJUNG REJO,126,8
2339,TANJUNG REJO,160,10
2340,TANJUNG REJO,199,13
2341,TANJUNG RIANG,107,5
2342,TANJUNG RUSIA,143,9
2343,TANJUNG RUSIA TIMUR,143,9
2344,TANJUNG SAKTI,129,8
2345,TANJUNG SARI,23,2
2346,TANJUNG SARI,24,2
2347,TANJUNG SARI,113,6
2348,TANJUNG SARI,148,10
2349,TANJUNG SARI,193,13
2350,TANJUNG SENANG,99,5
2351,TANJUNG SENANG,216,14
2352,TANJUNG SERAYAN,108,6
2353,TANJUNG SERUPA,201,13
2354,TANJUNG SETIA,132,8
2355,TANJUNG SIOM,157,10
2356,TANJUNG TIGA,202,13
2357,TANJUNG TIRTO,82,4
2358,TANJUNG WANGI,83,4
2359,TANJUNG WARAS,95,5
2360,TANJUNGAN,20,2
2361,TANJUNGAN,158,10
2362,TANJUNGANOM,138,9
2363,TANJUNGJAYA,37,3
2364,TANJUNGKURUNG LAMA,197,13
2365,TANJUNGMAS,200,13
2366,TANJUNGSARI,3,1
2367,TANJUNGSARI,67,4
2368,TAPAK SIRING,12,1
2369,TARAHAN,20,2
2370,TATA KARYA,90,5
2371,TAWAN SUKA MULYA,9,1
2372,TAWANG NEGERI,45,3
2373,TEBA,156,10
2374,TEBA BUNUK,155,10
2375,TEBA JAWA,116,7
2376,TEBA LIYOKH,4,1
2377,TEBA PERING RAYA,12,1
2378,TEBING,73,4
2379,TEBING KARYA MANDIRI,109,6
2380,TEGAL BINANGUN,162,10
2381,TEGAL GONDO,77,4
2382,TEGAL MUKTI,200,13
2383,TEGAL OMBO,82,4
2384,TEGAL YOSO,77,4
2385,TEGALSARI,140,9
2386,TEGINENENG,157,10
2387,TEJANG PULAU SEBESI,26,2
2388,TEJO AGUNG,228,15
2389,TEJOSARI,228,15
2390,TEKAD,160,10
2391,TELADAS,169,11
2392,TELOGO REJO,111,6
2393,TELOGOREJO,62,4
2394,TELUK BETUNG,221,14
2395,TELUK BRAK,158,10
2396,TELUK DALEM,72,4
2397,TELUK DALEM ILIR,48,3
2398,TEMBAKAK WAY SINDI,127,8
2399,TEMBELANG,3,1
2400,TEMPEL REJO,116,7
2401,TEMPURAN,58,3
2402,TENGKUJUH,19,2
2403,TENGOR,149,10
2404,TERANG BUMI AGUNG,183,12
2405,TERANG MAKMUR,183,12
2406,TERANG MULYA,183,12
2407,TERATAS,154,10
2408,TERBANGGI AGUNG,41,3
2409,TERBANGGI BESAR,56,3
2410,TERBANGGI ILIR,35,3
2411,TERBANGGI MULYA,35,3
2412,TERBANGGI SUBING,41,3
2413,TERBANGI MARGA,81,4
2414,TERBAYA,154,10
2415,TERDANA,154,10
2416,TETAAN,25,2
2417,TIAS BANGUN,45,3
2418,TIGA JAYA,11,1
2419,TIMBULREJO,37,3
2420,TIROM,158,10
2421,TIRTA KENCANA,186,12
2422,TIRTA MAKMUR,186,12
2423,TIRTALAGA,108,6
2424,TITIWANGI,17,2
2425,TIUH BALAK,192,13
2426,TIUH BALAK II,196,13
2427,TIUH BALAK PASAR,192,13
2428,TIUH BALAK SATU,192,13
2429,TIUH BARU,200,13
2430,TIUH MEMON,159,10
2431,TIUH TOHOU,173,11
2432,TOBA,80,4
2433,TOTO HARJO,77,4
2434,TOTO KATON,46,3
2435,TOTO KATON,181,12
2436,TOTO MAKMUR,181,12
2437,TOTO MULYO,82,4
2438,TOTO MULYO,183,12
2439,TOTO PROJO,82,4
2440,TOTO WONODADI,181,12
2441,TOTOHARJO,16,2
2442,TOTOKARTO,137,9
2443,TRANS TANJUNGAN,20,2
2444,TRI DHARMA WIRA JAYA,166,11
2445,TRI DHARMA YOGA,21,2
2446,TRI JAYA,177,11
2447,TRI KARYA MULYA,113,6
2448,TRI MAKMUR JAYA,174,11
2449,TRI MEKAR JAYA,3,1
2450,TRI MUKTI JAYA,166,11
2451,TRI MULYA JAYA,166,11
2452,TRI RAHAYU,118,7
2453,TRI REJO MULYO,177,11
2454,TRI TUNGGAL,83,4
2455,TRI TUNGGAL JAYA,114,6
2456,TRI TUNGGAL JAYA,166,11
2457,TRI TUNGGAL JAYA,168,11
2458,TRI TUNGGAL JAYA,177,11
2459,TRI TUNGGAL JAYA,182,12
2460,TRIBUDI MAKMUR,8,1
2461,TRIBUDI SYUKUR,8,1
2462,TRIHARJO,22,2
2463,TRIKARYA,177,11
2464,TRIMODADI,88,5
2465,TRIMOMUKTI,17,2
2466,TRIMULYO,7,1
2467,TRIMULYO,29,2
2468,TRIMULYO,79,4
2469,TRIMULYO,119,7
2470,TRIMULYO,121,7
2471,TRIMULYO MATARAM,53,3
2472,TRIMURJO,58,3
2473,TRISINAR,71,4
2474,TRISNOMAJU,118,7
2475,TRISNOMULYO,63,4
2476,TRITUNGGAL MULYA,137,9
2477,TUGU MULYA,8,1
2478,TUGU PAPAK,161,10
2479,TUGU REJO,161,10
2480,TUGU SARI,14,1
2481,TUGURATU,13,1
2482,TULANG BAWANG,190,13
2483,TULANG BAWANG BARU,96,5
2484,TULANG KAKAN,40,3
2485,TULUNG AGUNG,140,9
2486,TULUNG ASAHAN,161,10
2487,TULUNG BALAK,63,4
2488,TULUNG BALAK,107,5
2489,TULUNG BAMBAN,132,8
2490,TULUNG BUYUT,97,5
2491,TULUNG PASIK,72,4
2492,TULUNG SARI,147,10
2493,TULUNG SINGKIP,94,5
2494,TULUSREJO,76,4
2495,TUNAS ASRI,186,12
2496,TUNAS JAYA,182,12
2497,TUNGGAL WARGA,166,11
2498,TUNGGUL PAWENANG,137,9
2499,TURGAK,6,1
2500,UJUNG,9,1
2501,UJUNG GUNUNG,173,11
2502,UJUNG GUNUNG ILIR,173,11
2503,ULAK ATA,107,5
2504,ULAK RENGAS,93,5
2505,ULOK MANIK,132,8
2506,ULOK MUKTI,130,8
2507,ULU KRUI,136,8
2508,ULU SEMONG,164,10
2509,UMAN AGUNG MATARAM,35,3
2510,UMBAR,152,10
2511,UMBUL BUAH,156,10
2512,UMBUL LIMUS,117,7
2513,UMPU BHAKTI,193,13
2514,UMPU KENCANA,193,13
2515,UNTORO,58,3
2516,UTAMA JAYA MATARAM,53,3
2517,VARIA AGUNG MATARAM,53,3
2518,WAI LUBUK,19,2
2519,WAI MULI TIMUR,26,2
2520,WAI SARI,23,2
2521,WAI SIDOMUKTI,21,2
2522,WAI URANG,19,2
2523,WALUR,128,8
2524,WALUR,134,8
2525,WALUYOJATI,144,9
2526,WANA,73,4
2527,WARGA INDAH JAYA,166,11
2528,WARGA MAKMUR JAYA,166,11
2529,WARGA MULYO,143,9
2530,WARINGIN JAYA,61,4
2531,WARINGIN SARI BARAT,145,9
2532,WARINGIN SARI TIMUR,137,9
2533,WASPADA,11,1
2534,WATES,2,1
2535,WATES,40,3
2536,WATES,125,7
2537,WATES,140,9
2538,WATES SELATAN,140,9
2539,WATES TIMUR,140,9
2540,WATU AGUNG,42,3
2541,WAWASAN,30,2
2542,WAY AGUNG,194,13
2543,WAY ARENG,72,4
2544,WAY ASAHAN,158,10
2545,WAY BATANG,129,8
2546,WAY DADI,215,14
2547,WAY DADI BARU,215,14
2548,WAY DENTE,169,11
2549,WAY EMPULAU ULU,2,1
2550,WAY GALIH,29,2
2551,WAY GELAM,17,2
2552,WAY GELANG,155,10
2553,WAY GUBAK,214,14
2554,WAY HALIM PERMAI,224,14
2555,WAY HALOM,151,10
2556,WAY HALOM,163,10
2557,WAY HARONG,123,7
2558,WAY HARONG,146,10
2559,WAY HARU,126,8
2560,WAY HUI,18,2
2561,WAY ILAHAN,160,10
2562,WAY ISEM,102,5
2563,WAY JAHA,159,10
2564,WAY JAMBU,132,8
2565,WAY KALAM,25,2
2566,WAY KANDIS,216,14
2567,WAY KEPAYANG,116,7
2568,WAY KERAP,161,10
2569,WAY KRUI,42,3
2570,WAY KUNIR,142,9
2571,WAY LAGA,214,14
2572,WAY LAYAP,115,7
2573,WAY LIMAU,199,13
2574,WAY LIWOK,165,10
2575,WAY LUNIK,88,5
2576,WAY LUNIK,212,14
2577,WAY MANAK,159,10
2578,WAY MELAN,99,5
2579,WAY MENCAR,204,13
2580,WAY MENGAKU,2,1
2581,WAY MILI,66,4
2582,WAY MULI,26,2
2583,WAY NAPAL,128,8
2584,WAY NARTA,134,8
2585,WAY NGISON,5,1
2586,WAY NGISON,141,9
2587,WAY NIPAH,158,10
2588,WAY NUKAK,127,8
2589,WAY PANAS,165,10
2590,WAY PERANCANG,86,5
2591,WAY PETAI,14,1
2592,WAY PIRING,159,10
2593,WAY PISANG,204,13
2594,WAY REDAK,133,8
2595,WAY RILAU,149,10
2596,WAY SIDO,187,12
2597,WAY SINDI,127,8
2598,WAY SINDI HANUAN,127,8
2599,WAY SINDI UTARA,127,8
2600,WAY SULUH,128,8
2601,WAY TATAAN,222,14
2602,WAY TAWAR,201,13
2603,WAY TIAS,126,8
2604,WAY TUBA,196,13
2605,WAY TUBA,204,13
2606,WAY TUBA ASRI,204,13
2607,WAY URANG,119,7
2608,WAY WAKAK,85,5
2609,WAYA KRUI,139,9
2610,WIRA AGUNG SARI,177,11
2611,WIRA BANGUN,112,6
2612,WIRA JAYA,113,6
2613,WIRALAGA I,108,6
2614,WIRALAGA II,108,6
2615,WIRALAGA MULYA,108,6
2616,WIRATA AGUNG MATARAM,53,3
2617,WIRATAMA,177,11
2618,WIYONO,115,7
2619,WONO AGUNG,178,11
2620,WONO KERTO,186,12
2621,WONO REJO,176,11
2622,WONO REJO,182,12
2623,WONO SARI,41,3
2624,WONODADI,30,2
2625,WONODADI,140,9
2626,WONODADI UTARA,140,9
2627,WONOHARJO,162,10
2628,WONOHARJO,195,13
2629,WONOKARTO,79,4
2630,WONOMARTO,100,5
2631,WONOSARI,76,4
2632,WONOSARI,109,6
2633,WONOSARI,140,9
2634,WONOSOBO,165,10
2635,YOGYAKARTA,140,9
2636,YOGYAKARTA SELATAN,140,9
2637,YOSODADI,228,15
2638,YOSOMULYO,226,15
2639,YOSOREJO,228,15
2640,YUDHA KARYA JITU,178,11
2641,YUKUM JAYA,56,3
