id_SMA,nama_SMA,id_kabupaten
1,MA AL HABSI,5
2,MA AL IRSYAD DARUSSALAM,1
3,MA AL-HIDAYAH GUNUNG TERANG,11
4,MA BAITUT TAQWA,11
5,MA DARUL FALAH BENGKUNAT BELIMBING,1
6,MA DARUSSALAM SIRING BALAK,1
7,MA HIDAYATUL MUTTAQIN,10
8,MA ISLAMIAH WAY LIMAU,13
9,MA ISLAMIYAH SRI MENANTI,5
10,MA JAMIATUL MCHSN SUNG.SEL,5
11,MA MA'ARIF ROUDHOTUT THOLIBIN,15
12,MA MAMBAUL HUDA,11
13,MA MATHLAUL ANWAR,11
14,MA MIFTAHUL HUDA,13
15,MA MIFTAHUL ULUM,5
16,MA MUNADA SUNGAI NIBUNG GEDUNG MENENG,11
17,MA NURUL HUDA,5
18,MA NURUL IMAN,11
19,MA NURUL ISLAM GUNUNG SARI,10
20,MA NURUL ULUM,10
21,MA QUDSIYAH,5
22,MA ULUL ABSORI,11
23,MA. AL FALAH GUNUNG KASIH,10
24,MA. AL IKHLAS PERTIWI,10
25,MA. BAITURROHMAH,13
26,MA. DAIYATUL WATHON,11
27,MA. HIDAYATUL MUTTAQIN,10
28,MA. MUHAMMADIYAH PARDASUKA,10
29,MA.AL-FALAAH RAWAPITU,11
30,MA.AL-FALAH,11
31,MA.ASWAJA,11
32,MA.DARUL ULUM,11
33,MA.DARUL ULUM,11
34,MA.HIDAYATUL MUBTADIIDN,11
35,MA.HIDAYATUL MUBTADIIN,11
36,MA.ISLAMIYAH,11
37,MA.ISLAMIYAH,11
38,"MA.MAMBA,UL HUDA",11
39,MA.MATLA'UL ANWAR,11
40,MA.MIFTAHUL JANNAH,11
41,MA.MIFTAHUL JANNAH,11
42,MA.MUNAWAROH,11
43,MA.NURUL MUTTAQIN,11
44,MA.RAUDHATUL HUDA,11
45,MAIS. PUGUNG TAMPAK,1
46,MAN 1 BANDAR LAMPUNG,14
47,MAN 1 METRO,4
48,MAN 2 METRO,15
49,MAN 2 TANJUNG KARANG,14
50,MAN KALIANDA,2
51,MAN KEDONDONG,2
52,MAN KIBANG BUDI JAYA,11
53,MAN KOTABUMI,5
54,MAN KRUI,1
55,MAN LIWA,1
56,MAN MULYA KENCANA,11
57,MAN PONCOWATI,3
58,MAN PRINGSEWU,10
59,MAN KOTA AGUNG,10
60,MAN PADANG RATU,5
61,MAN. MULA KENCANA,11
62,MAN.KIBANG BUDI JAYA,11
63,MAS AL- ASY`ARIYAH PANJANG,14
64,MAS AL- FALAAH,11
65,MAS AL- FALAH,1
66,MAS AL- FALAH,11
67,MAS AL- FATAH,2
68,MAS AL- FURQON,2
69,MAS AL HARAMAIN,3
70,MAS AL HIDAYAH,4
71,MAS AL- HIDAYAH,10
72,MAS AL- HIKMAH,14
73,MAS AL- HUDA,5
74,MAS AL- IKHLAS,2
75,MAS AL- IKHLAS,2
76,MAS AL- ISHLAH,2
77,MAS AL- ISLAMIYAH KOTABUMI,5
78,MAS AL KHAIRIYAH,10
79,MAS AL- KHAIRIYAH,2
80,MAS AL- KHAIRIYAH WAY LAHU,2
81,MAS AL MAARIF,13
82,MAS AL- MAARIF,1
83,MAS AL MUBAROK,3
84,MAS AL- MUHAJIRIN,5
85,MAS AL- MUHSIN,15
86,MAS AL- MUNAWAROH,11
87,MAS AL MUNAWAROH 1,2
88,MAS AL- UTRUJIYYAH,14
89,MAS AL-AMIN,4
90,MAS AL-HIKMAH BUMIJAYA,2
91,MAS AL-IKHLAS,4
92,MAS AL-IMAN,4
93,MAS AL-ITTIHADIYAH WAYSULAN,2
94,MAS AL-KHAIRIYAH AGOM,2
95,MAS AL-KHAIRIYAH KRAWANGSARI,2
96,MAS AN- NUUR,5
97,MAS ASSALAM,5
98,MAS ASWAJA,11
99,MAS BAHRUL ULUM,10
100,MAS BAHRUL ULUM,13
101,MAS BAITUL HIDAYAH PALAS,2
102,MAS BUSTANUL ULUM,3
103,MAS BUSTANUL ULUM,3
104,MAS DAARUL ULUM BAHUGA,13
105,MAS DARUL AMAL,4
106,MAS DARUL AMAL,15
107,MAS DARUL HUDA,4
108,MAS DARUL HUDA,5
109,MAS DARUL MAARIF,2
110,MAS DARUL ULUM,4
111,MAS DARUL ULUM,10
112,MAS DARUL ULUM,11
113,MAS DARUL ULUM,13
114,MAS DARUN NUHA,2
115,MAS DARUR RIDHO,2
116,MAS DARUSSALAM,2
117,MAS DARUSSALAM,3
118,MAS DINIYYAH PUTRI LAMPUNG,2
119,MAS FANTRI BHAKTI,3
120,MAS FUTUHIYAH 1,5
121,MAS GUPI BANJIT,13
122,MAS GUPPI,2
123,MAS GUPPI PISANG BARU,13
124,MAS GUPPI SRAGI,2
125,MAS HASANUDDIN,14
126,MAS HAYATUL MUTTAQIN,2
127,MAS HIDAYATUL ISLAMIYAH,14
128,MAS HIDAYATUL MUBTADIIN,11
129,MAS IQRO,10
130,MAS ISLAMIYAH,3
131,MAS ISLAMIYAH,5
132,MAS ISLAMIYAH,11
133,MAS ISLAMIYAH CINTAMULYA,2
134,MAS ISLAMIYAH MENGGALA,11
135,MAS ISTIQLAL,5
136,MAS JAUHAROTUL MUALIMIN,3
137,MAS KMI DARUSSALAM GONTOR 9,2
138,MAS MA`ARIF 06,4
139,MAS MA`ARIF 2 SIDOREJO,4
140,MAS MA`ARIF 24 DAARUL RAHMAN,4
141,MAS MA`ARIF 7 SRIMINOSARI,4
142,MAS MA`ARIF BUMI RESTU,2
143,MAS MA`ARIF I BUMI MULYA,13
144,MAS MA`ARIF NU 5,4
145,MAS MA`ARIF NU 9,4
146,MAS MA'ARIF 1,3
147,MAS MAARIF 1 PEMPEN,4
148,MAS MA'ARIF 10,3
149,MAS MA'ARIF 14,3
150,MAS MAARIF 2 GAYA BARU II,3
151,MAS MA'ARIF 3,3
152,MAS MA'ARIF 4 KALIREJO,3
153,MAS MA'ARIF 5,3
154,MAS MA'ARIF 6,3
155,MAS MA'ARIF 7,3
156,MAS MAARIF 9 KOTAGAJAH,3
157,MAS MAARIF NU 8,4
158,MAS MA'ARIF SIDOHARJO,2
159,MAS MADINAH,4
160,MAS MAMBA`UL HUDA,11
161,MAS MAMBAUL ULUM,5
162,MAS MAMBAUL ULUM,10
163,MAS MARDHOTILLAH,3
164,MAS MASYARIQUL ANWAR,14
165,MAS MATHLA`UL ANWAR,2
166,MAS MATHLA`UL ANWAR,10
167,MAS MATHLAUL ANWAR,2
168,MAS MATHLAUL ANWAR,13
169,MAS MATHLAUL ANWAR KECAPI,2
170,MAS MATHLAUL ANWAR KEDATON,14
171,MAS MATLA`UL ANWAR,11
172,MAS MIFTAHUL HUDA,1
173,MAS MIFTAHUL HUDA,3
174,MAS MIFTAHUL JANNAH,11
175,MAS MIFTAHUL JANNAH,11
176,MAS MIFTAHUL ULUM,3
177,MAS MIFTAHUL ULUM,4
178,MAS MIFTAHUL ULUM,13
179,MAS MINHADLUL ULUM,2
180,MAS MUALIMIN AL ISLAM,4
181,MAS MUHAMMADIYAH,3
182,MAS MUHAMMADIYAH,4
183,MAS MUHAMMADIYAH 1 BATULIMAN INDAH,2
184,MAS MUHAMMADIYAH I,14
185,MAS MUHAMMADIYAH METRO,15
186,MAS MUHAMMADYAH 1,3
187,MAS NAHDLATUL ULAMA,14
188,MAS NURUL FALAH,4
189,MAS NURUL FATTAH,10
190,MAS NURUL HIKMAH,11
191,MAS NURUL HUDA,3
192,MAS NURUL HUDA,5
193,MAS NURUL HUDA,10
194,MAS NURUL HUDA,13
195,MAS NURUL HUDA SRAGI,2
196,MAS NURUL IMAN,1
197,MAS NURUL IMAN,10
198,MAS NURUL ISLAM,5
199,MAS NURUL ISLAM,10
200,MAS NURUL ISLAM,13
201,MAS NURUL ISLAM JATI AGUNG,2
202,MAS NURUL ULUM,3
203,MAS NURUL ULUM,3
204,MAS NURUL ULUM PURA JAYA,1
205,MAS PEMNU,10
206,MAS PESANTREN NURUL ISLAM,2
207,MAS PLUS WALISONGO,5
208,MAS PP. FUTUHIYYAH 2,5
209,MAS PP. KH. A. DAHLAN,5
210,MAS PP. MODEREN MAKKAH,13
211,MAS RAUDHATUS SHOLIHIN,5
212,MAS RAUDLATUL HIDAYAH MAARIF,4
213,MAS RAUDLATUL ULUM,5
214,MAS RAUDOTUL MUTA`ALLIMIN,13
215,MAS RIYADLUSSHALIHIN,5
216,MAS ROUDLATUL ULUM,3
217,MAS ROUDLOTUL HUDA,3
218,MAS SINAR HARAPAN,10
219,MAS SRIWIJAYA,4
220,MAS TERPADU USHULUDDIN,2
221,MAS TGIA PERKEMAS,14
222,MAS TRI BAKTI AL IKHLAS,3
223,MAS TRI BAKTI AL IKHLAS,3
224,MAS TRI BHAKTI ATTAQWA,4
225,MAS TUMANINAH YASIN,15
226,MAS WALI SONGO,3
227,MAS YAMSU,1
228,MAS YAPSI SUMBERJAYA,1
229,MAS YASMIDA,10
230,MAS YMPI PUTIHDOH,10
231,MAS YPPTQMH,10
232,MAS ZAMAIS,10
233,MAS AL- ASWAN,13
234,MAS AL- MA`ARIF,10
235,MAS AL MA`ARUF,10
236,MAS AL- MA`MUR,10
237,SMA 11 MARET SUMBER AGUNG,10
238,SMA 17 GADINGREJO,10
239,SMA 17 PAGELARAN,10
240,SMA ADI SUCIPTO,11
241,SMA ADIGUNA,14
242,SMA AL AZHAR 1 SEKAMPUNG UDIK,4
243,SMA AL HIDAYAH,3
244,SMA AL-AZHAR 3,14
245,SMA AL-AZHAR BANJAR AGUNG,11
246,SMA AL-HUDA,2
247,SMA AL-IRSYAD,2
248,SMA ALISLMAILIYUN,2
249,SMA AL-KAUTSAR,14
250,SMA AR RAHMAN,1
251,SMA ARJUNA,14
252,SMA ASSALAM,2
253,SMA ASY-SYAFI'IYAH,1
254,SMA BAERINGIN RATU RAWAJITU SELATAN,11
255,SMA BANGUN CIPTA RUMBIA,3
256,SMA BERINGIN RATU PAKUAN RATU,13
257,SMA BHAKTI,5
258,SMA BHAKTI BARADATU,13
259,SMA BHAKTI JAYA,5
260,SMA BHAKTI KOTABUMI,5
261,SMA BHAKTI MULYA,1
262,SMA BHAKTI MULYA,5
263,SMA BHAKTI SEMBILAN,13
264,SMA BHAKTI TARUNA,11
265,SMA BIMA SAKTI,10
266,SMA BIMA SUCI,13
267,SMA BINA ISLAMI,1
268,SMA BINA MULIA,10
269,SMA BINA MULYA,14
270,SMA BINAKARYA,3
271,SMA BINTANG TIMUR,2
272,SMA BODHISATTVA,14
273,SMA BUANA SRIBAWONO,4
274,SMA BUDAYA,14
275,SMA BUDI UTAMA,13
276,SMA BUSTANUL ULUM,3
277,SMA CATUR KARYA BANJAR MARGO,11
278,SMA CATUR SAKTI,4
279,SMA DARMA BANGSA INTERNASIONAL,14
280,SMA DARUL ARAFAH BUMI RATU NUBAN,3
281,SMA DARUL FIKRI SUMANDA,10
282,SMA DARUL FIKRI SUMANDA,10
283,SMA DARUL ULUM,2
284,SMA DAYA SAKTI,11
285,SMA DHARMA ASIH,2
286,SMA DHARMA BINA PUTRA,2
287,SMA DINAMIKA,5
288,SMA DIRGANTARA,14
289,SMA FANTRI BAKTI SEPUTIH BANYAK,3
290,SMA FATAHILLAH,2
291,SMA FRANSISKUS,14
292,SMA GAJAH MADA,14
293,SMA GANESA METRO,15
294,SMA HANG TUAH,5
295,SMA HIDAYATUL MUSLIHIN NEGARA BATIN,13
296,SMA HMPTI BANJAR AGUNG,11
297,SMA IBNU SINA,4
298,SMA IMMANUEL,14
299,SMA ISLAM BINA SEJAHTERA BANJIT,13
300,SMA ISLAM IBNU RUSYD,5
301,SMA ISLAM KALIANDA,2
302,SMA ISLAM KEBUMEN,10
303,SMA ISLAM MA'ARIF KETAPANG,2
304,SMA ISLAM NURUL IMAN,13
305,SMA ISLAM TERPADU MIFTAHUL ULUM,11
306,SMA ISLAM YPI 4 SUKAJAYA,11
307,SMA ISLAMIYAH,14
308,SMA IT AL - FARABI,7
309,SMA IT BABUL HIKMAH KALIANDA,2
310,SMA JASA BHAKTI GEDUNG AJI,11
311,SMA JAYA BAYA KOTABUMI,5
312,SMA JURAI WIRA NEGERI AGUNG,13
313,SMA KARTIKATAMA METRO,15
314,SMA KARYA BHAKTI,2
315,SMA KARYA BHAKTI NEGERI BESAR,13
316,SMA KARYA MATARAM,2
317,SMA KELAUTAN SWADHIPA,2
318,SMA KEMALA BHAYANGKARI KOTABUMI,5
319,SMA KESUMA BAKTI BEKRI,3
320,SMA KHADIJAH,7
321,SMA KOSGORO SEKAMPUNG,4
322,SMA KOSGORO SRIBAWONO,4
323,SMA KRIDA UTAMA,3
324,SMA KRIDA UTAMA 2,3
325,SMA KRISTEN 1 METRO,15
326,SMA KRISTEN 2 SEKAMPUNG UDIK,4
327,SMA KRISTEN 3 TERBANGGI BESAR,3
328,SMA LEBUNG KACAH INDAH TULANG BAWANG TENGAH,11
329,SMA LENTERA HARAPAN,2
330,SMA LENTERA HARAPAN,4
331,SMA LENTERA HARAPAN BANJAR AGUNG,11
332,SMA LENTERA HARAPAN WAY PENGUBUHAN,3
333,SMA LKI,11
334,SMA LKMD ABUNG TIMUR,5
335,SMA MA`ARIF 11 LABUHAN RATU,4
336,SMA MA`ARIF 2 BANGUNREJO,3
337,SMA MA`ARIF 2 NURUL HUDA,4
338,SMA MA`ARIF 3 SEKAMPUNG UDIK,4
339,SMA MA`ARIF 4 LINGGAPURA,3
340,SMA MA`ARIF 4 SEKAMPUNG UDIK,4
341,SMA MA`ARIF PURBOLINGGO,4
342,SMA MAARIF 01 SEPUTIH BANYAK,3
343,SMA MAARIF 03,3
344,SMA MA'ARIF 1 METRO,15
345,SMA MAARIF 10 SENDANG AGUNG,3
346,SMA MA'ARIF 4,3
347,SMA MAARIF 5 PADANG RATU,3
348,SMA MA'ARIF 8,3
349,SMA MA'ARIF 9,3
350,SMA MA'ARIF NU BUMIRESTU,2
351,SMA MA'ARIF SUNGKAI UTARA,5
352,SMA MAKARTI MUKTI TAMA PAKUAN RATU,13
353,SMA MAKARTI TAMA,11
354,SMA MANBA'UL ULUM,3
355,SMA MANDALA UTAMA,11
356,SMA MATHLA`UL ANWAR SINDANG SARI,2
357,SMA MIFTAHUL ULUM,3
358,SMA MMT PLUS TANJUNG RAYA,11
359,SMA MUH 1 GUNUNG PELINDUNG,4
360,SMA MUH 1 SRIBAWONO,4
361,SMA MUH BRAJA SELEBAH,4
362,SMA MUH SEKAMPUNG,4
363,SMA MUH SEKAMPUNG UDIK,4
364,SMA MUH WAY JEPARA,4
365,SMA MUH. 1 PEKALONGAN,4
366,SMA MUH. 1 PURBOLINGGO,4
367,SMA MUHAMMADIAH 1 MENGGALA,11
368,SMA MUHAMMADIYAH 1,14
369,SMA MUHAMMADIYAH 1 BANGUN REJO,3
370,SMA MUHAMMADIYAH 1 GISTING,10
371,SMA MUHAMMADIYAH 1 MESUJI TIMUR,11
372,SMA MUHAMMADIYAH 1 METRO.,15
373,SMA MUHAMMADIYAH 1 SENDANG AGUNG,3
374,SMA MUHAMMADIYAH 1 TALANG PADANG,10
375,SMA MUHAMMADIYAH 1 TRIMURJO,3
376,SMA MUHAMMADIYAH 1 TULANG BAWANG TENGAH,11
377,SMA MUHAMMADIYAH 2,14
378,SMA MUHAMMADIYAH 2 METRO,15
379,SMA MUHAMMADIYAH GADINGREJO,10
380,SMA MUHAMMADIYAH I CANDIPURO,2
381,SMA MUHAMMADIYAH I SIDOMULYO,2
382,SMA MUHAMMADIYAH KALIREJO,3
383,SMA MUHAMMADIYAH KOTA AGUNG,10
384,SMA MUHAMMADIYAH PRINGSEWU,10
385,SMA MUHAMMADIYAH WONOREJO,2
386,SMA MUHAMMADYAH KOTABUMI,5
387,SMA MUHAMMDIYAH 1 SEPUTIH BANYAK,3
388,SMA MULIA PLUS,2
389,SMA MUTIARA NATAR,2
390,SMA N 1 ULU BELU,10
391,SMA NASIONAL TEGINENENG,2
392,SMA NEGERI 1 ABUNG SURAKARTA,5
393,SMA NEGERI 1 AMBARAWA,9
394,SMA NEGERI 1 BANYUMAS,9
395,SMA NEGERI 1 BATUPUTIH,12
396,SMA NEGERI 1 GADINGREJO,9
397,SMA NEGERI 1 GUNUNG AGUNG,12
398,SMA NEGERI 1 GUNUNG PELINDUNG,4
399,SMA NEGERI 1 GUNUNG TERANG,12
400,SMA NEGERI 1 KATIBUNG,2
401,SMA NEGERI 1 LAMBU KIBANG,12
402,SMA NEGERI 1 PAGAR DEWA,12
403,SMA NEGERI 1 PAGELARAN,9
404,SMA NEGERI 1 PARDASUKA,9
405,SMA NEGERI 1 PRINGSEWU,9
406,SMA NEGERI 1 RAWA JITU UTARA,6
407,SMA NEGERI 1 SEKAMPUNG UDIK,4
408,SMA NEGERI 1 SUKOHARJO,9
409,SMA NEGERI 1 TULANG BAWANG TENGAH,12
410,SMA NEGERI 1 TULANG BAWANG UDIK,12
411,SMA NEGERI 1 TUMIJAJAR,12
412,SMA NEGERI 1 WAY KENANGA,12
413,SMA NEGERI 2 BANGKUNAT BELIMBING,8
414,SMA NEGERI 2 GADINGREJO,9
415,SMA NEGERI 2 PRINGSEWU,9
416,SMA NEGERI 2 TIMIJAJAR,12
417,SMA NEGERI 2 TULANG BAWANG TENGAH,12
418,SMA NEGERI 2 TULANG BAWANG UDIK,12
419,SMA NEGERI 3 TULANG BAWANG TENGAH,12
420,SMA NEGERI 3 TUMIJAJAR,12
421,SMA NEGERI PULAU LEGUNDI,7
422,SMA NEGERI WAYLIMA,2
423,SMA NURUL HIDAYAH,2
424,SMA NURUL ISLAM,14
425,SMA NURUL MUTAQIEN,11
426,SMA NUSANTARA,1
427,SMA NUSANTARA,14
428,SMA PAHLAWAN,14
429,SMA PANCAKRIDA,3
430,SMA PANCASILA SEPUTIH MATARAM,3
431,SMA PANGASTUTI BLAMBANGAN UMPU,13
432,SMA PANGUDI LUHUR,14
433,SMA PARAMARTA 1,3
434,SMA PELITA BANGUN REJO,3
435,SMA PEMBANGUNAN KALIANDA,2
436,SMA PEMBINA ABUNG TENGAH,5
437,SMA PEMBINA BUNGA MAYANG,5
438,SMA PEMBINA MENGGALA,11
439,SMA PERINTIS,5
440,SMA PERINTIS,14
441,SMA PERINTIS 2,14
442,SMA PERINTIS NEG.AGUNG,13
443,SMA PERJUANGAN,4
444,SMA PERSADA,2
445,SMA PERSADA,14
446,SMA PERSADA KETAPANG,2
447,SMA PERSIAPAN NEGERI MESUJI,11
448,SMA PERSIAPAN REBANG TANGKAS,13
449,SMA PGRI 1 ABUNG BARAT,5
450,SMA PGRI 1 BANGUNREJO,3
451,SMA PGRI 1 BATANGHARI,4
452,SMA PGRI 1 BLAMBANGAN UMPU,13
453,SMA PGRI 1 KOTABUMI,5
454,SMA PGRI 1 MARGA TIGA,4
455,SMA PGRI 1 METRO,15
456,SMA PGRI 1 PEKALONGAN,4
457,SMA PGRI 1 PUNGGUR,3
458,SMA PGRI 1 PUNGGUR,4
459,SMA PGRI 1 RAMAN UTARA,4
460,SMA PGRI 1 SEPUTIH RAMAN,3
461,SMA PGRI 1 SUKADANA,4
462,SMA PGRI 1 TALANG PADANG,10
463,SMA PGRI 1 TERBANGGI BESAR,3
464,SMA PGRI 1 TUMIJAJAR,11
465,SMA PGRI 1 WAY JEPARA,4
466,SMA PGRI 1 PADANG CERMIN,2
467,SMA PGRI 2 MARGA TIGA,4
468,SMA PGRI 2 PRINGSEWU,10
469,SMA PGRI BUKIT KEMUNING,5
470,SMA PGRI CAHAYA MAS,5
471,SMA PGRI CANDIPURO,2
472,SMA PGRI KRUI,1
473,SMA PGRI PAGELARAN,10
474,SMA PGRI PANCA MARGA GUNUNG TERANG,11
475,SMA PGRI SEPUTIH MATARAM,3
476,SMA PGRI SUBIK,5
477,SMA PGRI ULU BELU,10
478,SMA PIRI JATI AGUNG,2
479,SMA PLUS ASSALAM,5
480,SMA PLUS BANGUN JAYA,11
481,SMA PLUS KESUMA YUDHA,14
482,SMA PLUS MUHAMMADIYAH NATAR,2
483,SMA PONDOK MAKAH,13
484,SMA PRABA ABUNG SELATAN,5
485,SMA PRIMA,5
486,SMA PURNAMA,3
487,SMA QURAN NURUL HUDA,7
488,SMA ROUDLOTUS SHOLIHIN,1
489,SMA ROWO REJO,1
490,SMA SANTO PIUS GISTING,10
491,SMA SLAMET RIYADI,5
492,SMA SRIWIJAYA,14
493,SMA SUGAR GROUP BANDAR MATARAM,3
494,SMA SUNAN KALIJAGA,2
495,SMA SURYA DHARMA 2,14
496,SMA SWADIPHA,2
497,SMA TAMAN FIRDAUS PENAWAR AJI,11
498,SMA TAMAN SISWA,14
499,SMA TAMAN SISWA TALANG PADANG,10
500,SMA TAMAN SISWA TANJUNGKARANG,14
501,SMA TARUNA GAJAH MADA,15
502,SMA TELADAN,4
503,SMA TELADAN 1 METRO,15
504,SMA TELADAN WAY JEPARA,4
505,SMA TERPADU,11
506,SMA TERPADU RAWA JITU TIMUR,11
507,SMA TMI METRO,15
508,SMA TRANSIT,4
509,SMA TRI BAKTI BANDAR SURABAYA,3
510,SMA TRISUKSES,2
511,SMA TUNAS BANGSA TANJUNG HARAPAN,2
512,SMA TUNAS HARAPAN,14
513,SMA UTAMA 1,14
514,SMA UTAMA 2,14
515,SMA UTAMA 3,14
516,SMA UTAMA BAKTI,2
517,SMA UTAMA WACANA,15
518,SMA UTAMA WACANA 2 GUNUNG TERANG,11
519,SMA WIJAYA,14
520,SMA WIRALAGA MESUJI LAMPUNG,11
521,SMA WIRATAMA KOTAGAJAH,3
522,SMA WIYATA KARYA KOTABUMI,5
523,SMA WIYATA KARYA NATAR,2
524,SMA WIYATA MANDALA,5
525,SMA XAVERIUS,14
526,SMA XAVERIUS PAGELARAN,10
527,SMA XAVERIUS PRINGSEWU,10
528,SMA YADIKA,2
529,SMA YAGSMI KOTABUMI,5
530,SMA YAPENDA SIMPANG PEMATANG,11
531,SMA YASMIDA AMBARAWA,10
532,SMA YOS SUDARSO METRO,15
533,SMA YOS SUDARSO TERBANGGI BESAR,3
534,SMA YP UNILA,14
535,SMA YPI 4 GUNUNG AGUNG,11
536,SMA YPI BANDAR MATARAM,3
537,SMA YPI SEPUTIH MATARAM,3
538,SMA YPPL PANJANG,14
539,SMA YPS SIDOREJO,4
540,SMA GAYA BARU SEPUTIH SURABAYA,3
541,SMA. DIPONEGORO PENAWARTAMA,11
542,SMA. MUHAMMADIYAH,11
543,SMA. MUHAMMADIYAH TULANG BAWANG TENGAH,11
544,SMA. PELITA AGUNG TUMIJAJAR,11
545,SMA. RADEN SALEH,11
546,SMA.MUH.BANJIT,13
547,SMAK BPK PENABUR,14
548,SMAN 01 BANDAR LAMPUNG,14
549,SMAN 01 BUMI AGUNG,13
550,SMAN 01 PAKUAN RATU,13
551,SMAN 02 BANDAR LAMPUNG,14
552,SMAN 02 BUAY BAHUGA,13
553,SMAN 02 BUMI AGUNG,13
554,SMAN 03 BANDAR LAMPUNG,14
555,SMAN 04 BANDAR LAMPUNG,14
556,SMAN 05 BANDAR LAMPUNG,14
557,SMAN 06 BANDAR LAMPUNG,14
558,SMAN 07 BANDAR LAMPUNG,14
559,SMAN 08 BANDAR LAMPUNG,14
560,SMAN 09 BANDAR LAMPUNG,14
561,SMAN 1 ABUNG BARAT,5
562,SMAN 1 ABUNG SELATAN,5
563,SMAN 1 ABUNG SEMULI,5
564,SMAN 1 ABUNG TENGAH,5
565,SMAN 1 ABUNG TIMUR,5
566,SMAN 1 ADILUWIH,10
567,SMAN 1 AMBARAWA,10
568,SMAN 1 ANAK RATU AJI,3
569,SMAN 1 BAHUGA,13
570,SMAN 1 BANDAR SRIBHAWONO,4
571,SMAN 1 BANGKUNAT BELIMBING,8
572,SMAN 1 BANGUN REJO,3
573,SMAN 1 BANJAR AGUNG,11
574,SMAN 1 BANJAR MARGO,11
575,SMAN 1 BANJIT,13
576,SMAN 1 BARADATU,13
577,SMAN 1 BATANGHARI,4
578,SMAN 1 BATU BRAK,1
579,SMAN 1 BELALAU,1
580,SMAN 1 BENGKUNAT,1
581,SMAN 1 BENGKUNAT,8
582,SMAN 1 BENGKUNAT BELIMBING,1
583,SMAN 1 BLAMBANGAN UMPU,13
584,SMAN 1 BUKIT KEMUNING,5
585,SMAN 1 BULOK,10
586,SMAN 1 CANDIPURO,2
587,SMAN 1 CUKUHBALAK,10
588,SMAN 1 DENTE TELADAS,11
589,SMAN 1 GADINGREJO,10
590,SMAN 1 GEDONG TATAAN,2
591,SMAN 1 GEDONG TATAAN,7
592,SMAN 1 GEDUNG AJI,11
593,SMAN 1 GUNUNG AGUNG,11
594,SMAN 1 GUNUNG LABUHAN,13
595,SMAN 1 GUNUNG SUGIH,3
596,SMAN 1 GUNUNG TERANG,11
597,SMAN 1 JABUNG,4
598,SMAN 1 KALIANDA,2
599,SMAN 1 KALIREJO,3
600,SMAN 1 KARYA PENGAWA,8
601,SMAN 1 KARYA PENGGAWA,1
602,SMAN 1 KASUI,13
603,SMAN 1 KEDONDONG,2
604,SMAN 1 KEDONDONG,7
605,SMAN 1 KELUMBAYAN,10
606,SMAN 1 KELUMBAYAN BARAT,10
607,SMAN 1 KIBANG,4
608,SMAN 1 KOTABUMI,5
609,SMAN 1 LABUHAN MARINGGAI,4
610,SMAN 1 LABUHAN RATU,4
611,SMAN 1 LEMONG,1
612,SMAN 1 LEMONG,8
613,SMAN 1 LIMAU,10
614,SMAN 1 LIWA,1
615,SMAN 1 MARGATIGA,4
616,SMAN 1 MELINTING,4
617,SMAN 1 MENGGALA,11
618,SMAN 1 MERAKSA AJI,11
619,SMAN 1 MERBAU MATARAM,2
620,SMAN 1 MESUJI LAMPUNG,6
621,SMAN 1 MESUJI TIMUR,6
622,SMAN 1 MESUJI TIMUR,11
623,SMAN 1 METRO,15
624,SMAN 1 NATAR,2
625,SMAN 1 NEGARA BATIN,13
626,SMAN 1 NEGERI AGUNG,13
627,SMAN 1 NEGERI BESAR,13
628,SMAN 1 NEGERI KATON,2
629,SMAN 1 NEGERI KATON,7
630,SMAN 1 NGAMBUR,8
631,SMAN 1 PADANG CERMIN,7
632,SMAN 1 PADANGRATU,3
633,SMAN 1 PAGAR DEWA,11
634,SMAN 1 PAGELARAN,10
635,SMAN 1 PALAS,2
636,SMAN 1 PANCA JAYA,6
637,SMAN 1 PASIR SAKTI,4
638,SMAN 1 PEKALONGAN,4
639,SMAN 1 PENAWARTAMA,11
640,SMAN 1 PENENGAHAN,2
641,SMAN 1 PESISIR SELATAN,1
642,SMAN 1 PESISIR SELATAN,8
643,SMAN 1 PESISIR TENGAH,1
644,SMAN 1 PESISIR TENGAH,8
645,SMAN 1 PESISIR UTARA,8
646,SMAN 1 PRINGSEWU,10
647,SMAN 1 PSS. UTARA,1
648,SMAN 1 PULAU PANGGUNG,10
649,SMAN 1 PUNDUH PEDADA,2
650,SMAN 1 PUNDUH PEDADA,7
651,SMAN 1 PUNGGUR,3
652,SMAN 1 PURBOLINGGO,4
653,SMAN 1 RAMAN UTARA,4
654,SMAN 1 REBANG TANGKAS,13
655,SMAN 1 RUMBIA,3
656,SMAN 1 SEKAMPUNG,4
657,SMAN 1 SEKINCAU,1
658,SMAN 1 SEMAKA,10
659,SMAN 1 SENDANG AGUNG,3
660,SMAN 1 SEPUTIH AGUNG,3
661,SMAN 1 SEPUTIH BANYAK,3
662,SMAN 1 SEPUTIH MATARAM,3
663,SMAN 1 SEPUTIH RAMAN,3
664,SMAN 1 SEPUTIH SURABAYA,3
665,SMAN 1 SIDOMULYO,2
666,SMAN 1 SIMPANG PEMATANG,6
667,SMAN 1 SIMPANG PEMATANG,11
668,SMAN 1 SUKADANA,4
669,SMAN 1 SUKAU,1
670,SMAN 1 SUKOHARJO,10
671,SMAN 1 SUMBER JAYA,1
672,SMAN 1 SUMBEREJO,10
673,SMAN 1 SUNGKAI SELATAN,5
674,SMAN 1 SUNGKAI UTARA,5
675,SMAN 1 SUOH,1
676,SMAN 1 TALANG PADANG,10
677,SMAN 1 TANJUNG BINTANG,2
678,SMAN 1 TANJUNG RAJA,5
679,SMAN 1 TANJUNG RAYA,6
680,SMAN 1 TANJUNG RAYA,11
681,SMAN 1 TEGINENENG,7
682,SMAN 1 TERBANGGI BESAR,3
683,SMAN 1 TERUSAN NUNYAI,3
684,SMAN 1 TRIMURJO,3
685,SMAN 1 TULANG BAWANG TENGAH,11
686,SMAN 1 TULANG BAWANG UDIK,11
687,SMAN 1 TUMIJAJAR,11
688,SMAN 1 WAWAY KARYA,4
689,SMAN 1 WAY JEPARA,4
690,SMAN 1 WAY KHILAU,7
691,SMAN 1 WAY LIMA,7
692,SMAN 1 WAY PENGUBUAN,3
693,SMAN 1 WAY SERDANG,6
694,SMAN 1 WAY SERDANG,11
695,SMAN 1 WAY TENONG,1
696,SMAN 1 WAY TUBA,13
697,SMAN 1 WONOSOBO,10
698,SMAN 1 KOTA AGUNG,10
699,SMAN 1 KOTA GAJAH,3
700,SMAN 1 PADANG CERMIN,2
701,SMAN 10 BANDAR LAMPUNG,14
702,SMAN 11 BANDAR LAMPUNG,14
703,SMAN 12 BANDAR LAMPUNG,14
704,SMAN 13 BANDAR LAMPUNG,14
705,SMAN 14 BANDAR LAMPUNG,14
706,SMAN 15 BANDAR LAMPUNG,14
707,SMAN 16 BANDAR LAMPUNG,14
708,SMAN 17 BANDAR LAMPUNG,14
709,SMAN 2 GEDONG TATAAN,7
710,SMAN 2 KALIANDA,2
711,SMAN 2 KOTABUMI,5
712,SMAN 2 MENGGALA,11
713,SMAN 2 METRO,15
714,SMAN 2 NEGERI BESAR,13
715,SMAN 2 NEGERI KATON,7
716,SMAN 2 PADANG CERMIN,7
717,SMAN 2 PRINGSEWU,10
718,SMAN 2 PUNDUH PEDADA,7
719,SMAN 2 SEKAMPUNG,4
720,SMAN 2 SIMPANG PEMATANG,6
721,SMAN 2 SUMBER JAYA,1
722,SMAN 2 TEGINENENG,7
723,SMAN 2 TUMIJAJAR,11
724,SMAN 2 WAY SERDANG,6
725,SMAN 2 WAY TENONG,1
726,SMAN 2 KOTA AGUNG,10
727,SMAN 3 KOTABUMI,5
728,SMAN 3 METRO,15
729,SMAN 4 KOTABUMI,5
730,SMAN 4 METRO,15
731,SMAN 5 METRO,15
732,SMAN WIRALAGA KABUPATEN MESUJI,6
733,SMAN.1 NGAMBUR,1
734,SMAS ASYAFI YAH,8
735,SMAS BINA ISLAMI,8
736,SMAS DHARMA ASIH WATES,7
737,SMAS DWI MULYA,7
738,SMAS MUHAMMADIYAH,13
739,SMAS MUHAMMADIYAH TEGINENENG,7
740,SMAS PAHAWANG,7
741,SMAS PGRI 01 PADANG CERMIN,7
742,SMAS PGRI KRUI,8
743,SMAS TAMAN SISWA,7
744,SMK 1 KOTAAGUNG,10
745,SMK 1 SWADIPHA NATAR,2
746,SMK 17 CANDIPURO,2
747,SMK 2 MEI,14
748,SMK 2 SWADIPHA NATAR,2
749,SMK 96 BUKIT KEMUNING,5
750,SMK A. WAHID HASYIM TEBUIRENG 12,12
751,SMK AL AZHAR,11
752,SMK AL IMAN I BANJAR AGUNG,11
753,SMK AL IMAN II BANJAR AGUNG,11
754,SMK AL KAUTSAR ADILUWIH,9
755,SMK AL MA`ARIF,13
756,SMK AL-FAJAR KASUI,13
757,SMK ALHUDA JATI AGUNG,2
758,SMK AL-IKHLAS,1
759,SMK AL-MAARIF,10
760,SMK AMAL BHAKTI JATI AGUNG,2
761,SMK ARJUNA,14
762,SMK BAKAEHENI (SMEA),2
763,SMK BAKAUHENI PENENGAHAN,2
764,SMK BHAKTI ANGKASA 1,5
765,SMK BHAKTI ANGKASA 3,5
766,SMK BHAKTI PEMUDA,2
767,SMK BHAKTI UTAMA,14
768,SMK BHIMA SAKTI WAY JEPARA,4
769,SMK BHINNEKA,14
770,SMK BIMA SAKTI,4
771,SMK BINA LATIH KARYA,14
772,SMK BINA MULYA,14
773,SMK BINTARA SIDOMULYO,2
774,SMK BPK PENABUR,14
775,SMK BUANA BANDAR SRIBAWONO,4
776,SMK BUDI BAKTI 1 PURBOLINGGO,4
777,SMK BUDI BAKTI 3 PURBOLINGGO,4
778,SMK BUDI UTOMO,3
779,SMK BUDI UTOMO 1 WAY JEPARA,4
780,SMK BUDI UTOMO 2 WAY JEPARA,4
781,SMK BUDIKARYA NATAR,2
782,SMK CAHYA KARTIKA,2
783,SMK DARUL AMAL METRO,15
784,SMK DARUN NAJAH,4
785,SMK DAYA BHINA,3
786,SMK DHARMA AGUNG,3
787,SMK DHARMA PALA,14
788,SMK DHARMA UTAMA,11
789,SMK DHARMA UTAMA,14
790,SMK DINAMIKA,5
791,SMK DIPASENA,11
792,SMK DIPONEGORO,2
793,SMK DUTA NUSANTARA,12
794,SMK DWI PANGGA BANDAR LAMPUNG,14
795,SMK ESA KENCANA GEDUNG AJI BARU,11
796,SMK GAJAH MADA,14
797,SMK GAJAH TUNGGAL,15
798,SMK GANESA METRO,15
799,SMK GANESHA 1 SEKAMPUNG,4
800,SMK GANESHA 2 SEKAMPUNG,4
801,SMK GUNA DHARMA,14
802,SMK HANG TUAH,5
803,SMK HARAPAN JAYA,5
804,SMK HIDAYATUL MUFTADIIN,6
805,SMK HMPTI,11
806,SMK ISLAM AL IMAM 2,11
807,SMK ISLAM MA`ARIF 1 SENDANG AGUNG,3
808,SMK ISLAM YPI 2 WAY JEPARA,4
809,SMK KARTIKATAMA 1 METRO,15
810,SMK KARTIKATAMA 2 METRO,15
811,SMK KARYA BAKTI TULANG BAWANG TENGAH,11
812,SMK KARYA DHARMA 1 ABUNG SELATAN,5
813,SMK KARYA DHARMA 2 ABUNG SELATAN,5
814,SMK KARYA WIYATA PUNGGUR,3
815,SMK KAUTSAR KARANG PUCUNG,2
816,SMK KOSGORO PENAWARTAMA,11
817,SMK KOSGORO SRIBAWONO,4
818,SMK KP GAJAHMADA 01 METRO,15
819,SMK KP GAJAHMADA 02 METRO,15
820,SMK KRIDA WACANA,3
821,SMK KRIDA WISATA,14
822,SMK KRIDA WIYATA TERBANGGI BESAR,3
823,SMK MA ARIF 2 PRINGSEWU,9
824,SMK MA ARIF PRINGSEWU,9
825,SMK MA ARIF SUKOHARJO,9
826,SMK MA`ARIF 1 KALIREJO,3
827,SMK MA`ARIF 1 PADANG RATU,3
828,SMK MA`ARIF PENAWAJA,4
829,SMK MA`ARIF PURBOLINGGO,4
830,SMK MA'ARIF 1 METRO,15
831,SMK MAARIF 3 PESAWARAN,7
832,SMK MAARIF KEPUTRAN,9
833,SMK MAKARTITAMA BANJAR MARGO,11
834,SMK MIFTAHUL ULUM BANDAR MATARAM,3
835,SMK MINHAJUTH THULLAB AL AMIN,6
836,SMK MMT RAWAJITU SELATAN,11
837,SMK MUH 1 SEKAMPUNG UDIK,4
838,SMK MUH MARGA TIGA,4
839,SMK MUH WAY BUNGUR,4
840,SMK MUH. GUNUNG AGUNG,11
841,SMK MUH. GUNUNG TERANG,11
842,SMK MUH. LAMBU KIBANG,11
843,SMK MUHAMMADIYAH,1
844,SMK MUHAMMADIYAH 1,14
845,SMK MUHAMMADIYAH 1 KALIREJO,3
846,SMK MUHAMMADIYAH 1 METRO,15
847,SMK MUHAMMADIYAH 1 PUBIAN,3
848,SMK MUHAMMADIYAH 1 SEPUTIH BANYAK,3
849,SMK MUHAMMADIYAH 1 TERBANGGI BESAR,3
850,SMK MUHAMMADIYAH 1 TUMIJAJAR,11
851,SMK MUHAMMADIYAH 1 WAYSULAN,2
852,SMK MUHAMMADIYAH 2,14
853,SMK MUHAMMADIYAH 2 KALIREJO,3
854,SMK MUHAMMADIYAH 2 METRO,15
855,SMK MUHAMMADIYAH 3 METRO,15
856,SMK MUHAMMADIYAH AMBARAWA,10
857,SMK MUHAMMADIYAH BUKIT KEMUNING,5
858,SMK MUHAMMADIYAH GEDUNG TATAAN,2
859,SMK MUHAMMADIYAH GISTING,10
860,SMK MUHAMMADIYAH I 1 RUMBIA,3
861,SMK MUHAMMADIYAH I KALIANDA,2
862,SMK MUHAMMADIYAH KOTAGUNG,10
863,SMK MUHAMMADIYAH SEPUTIH RAMAN,3
864,SMK MUHAMMADIYAH TALANG PADANG,10
865,SMK MUHAMMADYAH 1 KOTABUMI,5
866,SMK MUTIARA 1 NATAR,2
867,SMK MUTIARA 2 NATAR,2
868,SMK N1 KETAPANG,2
869,SMK NASIONAL,3
870,SMK NASIONAL,11
871,SMK NASIONAL KOTABUMI,5
872,SMK NEGERI 1 BENGKUNAT BELIMBING,8
873,SMK NEGERI 1 KRUI,8
874,SMK NEGERI 1 WAY KENANGA,12
875,SMK NEGERI 1 WAY SERDANG,6
876,SMK NEGERI 2 TANJUNG RAYA,6
877,SMK NEGERI NATAR,2
878,SMK NEGERI PAGELARAN UTARA,9
879,SMK NEGERI TANJUNGSARI,2
880,SMK NURUL FALAH PUGUNG,10
881,SMK NUSANTARA,7
882,SMK NUSANTARA,11
883,SMK NUSANTARA 1 KOTABUMI,5
884,SMK NUSANTARA 2 KOTABUMI,5
885,SMK PANCAKRIDA KALIREJO,3
886,SMK PANCASILA SUKADANA,4
887,SMK PANGUDI LUHUR,3
888,SMK PARAMARTA 2,3
889,SMK PARAMARTA 3 SEPUTIH BANYAK,3
890,SMK PATRIOT BANGSA SIMPANG PEMATANG,11
891,SMK PELITA AGUNG TUMIJAJAR,11
892,SMK PELITA BANGUNREJO,3
893,SMK PELITA GEDONG TATAAN,2
894,SMK PELITA MADANI PRINGSEWU,9
895,SMK PEMBANGUNAN KALIANDA,2
896,SMK PENDOWO DAYASAKTI,11
897,SMK PERSADA,14
898,SMK PESANTREN NURUL ISLAM,2
899,SMK PGRI 1 BANDAR LAMPUNG,14
900,SMK PGRI 1 KOTABUMI,5
901,SMK PGRI 1 LABUHAN RATU,4
902,SMK PGRI 1 PASIR SAKTI,4
903,SMK PGRI 1 PRINGSEWU,10
904,SMK PGRI 1 PUNGGUR,3
905,SMK PGRI 1 SEKAMPUNG,4
906,SMK PGRI 1 TERBANGGI BESAR,3
907,SMK PGRI 2 BANDAR LAMPUNG,14
908,SMK PGRI 2 KEDONDONG,2
909,SMK PGRI 2 PRINGSEWU,10
910,SMK PGRI 2 TERBANGGI BESAR,3
911,SMK PGRI 4 BANDAR LAMPUNG,14
912,SMK PGRI KEDONDONG,2
913,SMK PGRI WONOSOBO,10
914,SMK PONPES ASUNIYAH,11
915,SMK PRABA ABUNG SELATAN,5
916,SMK PRAJA UTAMA,4
917,SMK PUGUNG,10
918,SMK RASMAN MULYA,2
919,SMK RAUDATUL HUDA,3
920,SMK S WAHID HUSADA MADANI,12
921,SMK SATRIA BAHARI,14
922,SMK SATU JUNI METRO,15
923,SMK SATU NUSA 1,14
924,SMK SATU NUSA 2,14
925,SMK SATU NUSA 3,14
926,SMK SETIA BHAKTI,11
927,SMK SURYA DHARMA,14
928,SMK SWASTA BINTANG SEMBILAN,6
929,SMK TARUNA,14
930,SMK TARUNA BUMI METRO,15
931,SMK TELKOM LAMPUNG,9
932,SMK TELUK SEMANGKA,10
933,SMK TRI LAGA UTAMA,6
934,SMK TRI SAKTI,14
935,SMK TRIKORA,2
936,SMK TUNAS WIYATA,13
937,SMK UTAMA,3
938,SMK UTAMA,14
939,SMK WIDYA YAHYA,10
940,SMK WIRATAMA,3
941,SMK WIYATA KARYA,2
942,SMK YADIKA NATAR,2
943,SMK YADIKA PAGELARAN,9
944,SMK YADITAMA,2
945,SMK YAGSMI,14
946,SMK YAGSMI KOTABUMI,5
947,SMK YAPENA,14
948,SMK YAPRI KALIANDA,2
949,SMK YOS SUDARSO,3
950,SMK YOS SUDARSO,4
951,SMK YP 17 BARADATU,13
952,SMK YP 57,14
953,SMK YP SERDANG,2
954,SMK YP. 96,5
955,SMK YPI JATIBARU,2
956,SMK YPI SEPUTIH MATARAM,3
957,SMK YPIB TUMIJAJAR,12
958,SMK YPPL PANJANG,14
959,SMK TAMAN KARYA,14
960,SMK TAMAN KARYA (TEKNIK OTOMOTIF),14
961,SMK TAMAN SISWA,14
962,SMKI SUNAN MURIA,7
963,SMKN 1 ABUNG SELATAN,5
964,SMKN 1 BAHUGA,13
965,SMKN 1 BANDAR LAMPUNG,14
966,SMKN 1 BANJIT,13
967,SMKN 1 BARADATU,13
968,SMKN 1 BUAY BAHUGA,13
969,SMKN 1 BUNGA MAYANG,5
970,SMKN 1 GADINGREJO,9
971,SMKN 1 GEDONG TATAAN,7
972,SMKN 1 GEDUNG AJI,11
973,SMKN 1 GUNUNG AGUNG,12
974,SMKN 1 HULU SUNGKAI,5
975,SMKN 1 KALIANDA,2
976,SMKN 1 KETAPANG,2
977,SMKN 1 KOTABUMI,5
978,SMKN 1 LIWA,1
979,SMKN 1 MENGGALA,11
980,SMKN 1 MESUJI TIMUR,6
981,SMKN 1 METRO,15
982,SMKN 1 NEGERI AGUNG,13
983,SMKN 1 NEGERI BESAR,13
984,SMKN 1 NEGERI KATON,7
985,SMKN 1 NGAMBUR,8
986,SMKN 1 PANCA JAYA,6
987,SMKN 1 PENAWARTAMA,11
988,SMKN 1 RAWA PITU,11
989,SMKN 1 RAWAJITU SELATAN,11
990,SMKN 1 RAWAJITU TIMUR,11
991,SMKN 1 RAWAJITU UTARA,6
992,SMKN 1 SEPUTIH AGUNG,3
993,SMKN 1 SIMPANG PEMATANG,6
994,SMKN 1 SIMPANG PEMATANG,11
995,SMKN 1 SUKADANA,4
996,SMKN 1 SUKOHARJO,10
997,SMKN 1 SUMBER JAYA,1
998,SMKN 1 SUOH,1
999,SMKN 1 TALANG PADANG,10
1000,SMKN 1 TANJUNG RAYA,6
1001,SMKN 1 TEGINENENG,7
1002,SMKN 1 TERBANGGI BESAR,3
1003,SMKN 1 TULANG BAWANG TENGAH,11
1004,SMKN 1 TULANG BAWANG TENGAH,12
1005,SMKN 1 WAY BUNGUR,4
1006,SMKN 1 WAY TENONG,1
1007,SMKN 2 BANDAR LAMPUNG,14
1008,SMKN 2 KALIANDA,2
1009,SMKN 2 KOTABUMI,5
1010,SMKN 2 METRO,15
1011,SMKN 2 TERBANGGI BESAR,3
1012,SMKN 3 BANDAR LAMPUNG,14
1013,SMKN 3 KOTABUMI,5
1014,SMKN 3 METRO,15
1015,SMKN 3 TERBANGGI BESAR,3
1016,SMKN 4 BANDAR LAMPUNG,14
1017,SMKN 5 BANDAR LAMPUNG,14
1018,SMKN 6 BANDAR LAMPUNG,14
1019,SMKN BLAMBANGAN UMPU,13
1020,SMKN PADANG CERMIN,7
1021,SMKN PELAYARAN PESISIR TENGAH,1
1022,SMKN PENAWARTAMA,11
1023,SMKN PENENGAHAN,2
1024,SMKN SPP LAMPUNG,7
1025,SMKN SUKOHARJO,9
1026,SMKN PADANG CERMIN,2
1027,SMKN. 1 GADINGREJO,10
1028,SMKS 17 SUKOHARJO,9
1029,SMKS 2 MEI 87 PRINGSEWU,9
1030,SMKS AL FALAH,6
1031,SMKS AL-MAARIF PARDASUKA,10
1032,SMKS ASSUNIYAH,12
1033,SMKS BAHRUL MAGHFIROH,9
1034,SMKS BHAKTI GISTING,10
1035,SMKS BHINEKA KARYA GUNUNG AGUNG,12
1036,SMKS BINA MANDIRI GUNUNG TERANG,12
1037,SMKS BUANA GUNUNG TERANG,12
1038,SMKS BUDI UTAMA PRINGSEWU,9
1039,SMKS BUMI NUSANTARA,10
1040,SMKS DARURROHMAN,12
1041,SMKS DHARMA UTAMA,6
1042,SMKS ERLANGGA,10
1043,SMKS ISLAM ADILUWIH,9
1044,SMKS KARYA BHAKTI PRINGSEWU,9
1045,SMKS KARYA BHAKTI TULANG BAWANG TENGAH,12
1046,SMKS KESEHATAN PERSADA ABADI,12
1047,SMKS KH GHALIB PRINGSEWU,9
1048,SMKS KOTA TERPADU MANDIRI,6
1049,SMKS MA ARIF BANYUMAS,9
1050,SMKS MA`ARIF 1 SEMAKA,10
1051,SMKS MAARIF AMBARAWA,9
1052,SMKS MINHADLUL ULUM,7
1053,SMKS MUHAMMADDIYAH GEDONG TATAAN,7
1054,SMKS MUHAMMADIYAH 1 PRINGSEWU,9
1055,SMKS MUHAMMADIYAH AGUNG BATIN,6
1056,SMKS MUHAMMADIYAH AMBARAWA,9
1057,SMKS MUHAMMADIYAH GUNUNG AGUNG,12
1058,SMKS MUHAMMADIYAH KRUI,8
1059,SMKS MUHAMMADIYAH LAMBU KIBANG,12
1060,SMKS MUHAMMADIYAH PAGELARAN,9
1061,SMKS MUHAMMADIYAH PANCA WARNA,6
1062,SMKS MUHAMMADIYAH TUMIJAJAR,12
1063,SMKS NASIONAL GUNUNG TERANG,12
1064,SMKS NURUL HUDA PRINGSEWU,9
1065,SMKS PATRIA GADINGREJO,9
1066,SMKS PATRIA GADINGREJO,10
1067,SMKS PATRIOT BANGSA,6
1068,SMKS PELITA AGUNG TUMIJAJAR,12
1069,SMKS PELITA GEDONG TATAAN,7
1070,SMKS PENDOWO TUMIJAJAR,12
1071,SMKS PGRI 1 KEDONDONG,7
1072,SMKS PGRI 1 PRINGSEWU,9
1073,SMKS PGRI 1 TALANG PADANG,10
1074,SMKS PGRI 2 KEDONDONG,7
1075,SMKS PGRI 2 PRINGSEWU,9
1076,SMKS PGRI KOTA AGUNG,10
1077,SMKS SETIA BHAKTI,6
1078,SMKS TARUNA,9
1079,SMKS TARUNA JAYA,12
1080,SMKS TEKNIKA GRAFIKA KARTIKA,9
1081,SMKS WIDYA YAHYA GADINGREJO,9
1082,SMKS WIRA BHAKTI AMBARAWA,9
1083,SMKS YAMACO KATON,7
1084,SMKS YAPEMA GADINGREJO,9
1085,SMKS YAPEMA GADINGREJO,10
1086,SMKS YAPEMI PAGELARAN,9
1087,SMKS YASMIDA,9
1088,SMKS YPP PADANGCERMIN,7
1089,SMKS YPT PRINGSEWU,9
1090,SMKS. 17 SUKOHARJO,10
1091,SMKS. 2 MEI PRINGSEWU,10
1092,SMKS. BUDI UTAMA,10
1093,SMKS. FATAHILLAH GADINGREJO,10
1094,SMKS. ISLAM ADILUWIH,10
1095,SMKS. KARYA BHAKTI,10
1096,SMKS. KH. GHOLIB PRINGSEWU,10
1097,SMKS. MUH. PRINGSEWU,10
1098,SMKS. PELITA PRINGSEWU,10
1099,SMKS. PGRI. 2 PRING SEWU,10
1100,SMKS. WIRA BHAKTI,10
1101,SMKS. YPT. PRINGSEWU,10
